Time,Solar_Power_kW,Wind_Power_kW,Load_Demand_kW,Battery_SOC_percent,Voltage_V,Current_A,Temperature_C,Power_Imbalance,Fault_Label
1/1/2025 0:00,2.74,2.13,4.33,73.2,230.8,11.41,32.5,0.54,0
1/1/2025 0:15,3.25,1.95,2.14,54.4,232.6,7.6,29.9,3.07,1
1/1/2025 0:30,2.64,2.16,1.96,67,228.5,6.17,30.9,2.84,1
1/1/2025 0:45,1.35,1.55,2.89,84.7,232.3,9.88,32.4,0.01,0
1/1/2025 1:00,1.52,1.18,2.65,75.7,230.9,8.2,31.3,0.05,0
1/1/2025 1:15,2.7,1.69,2.75,73.7,233.4,7.89,31.3,1.64,1
1/1/2025 1:30,2.3,2.73,5.76,73.6,225.2,15.24,31.2,-0.73,0
1/1/2025 1:45,1.55,1.24,4.91,76.9,226.6,14.17,30.9,-2.13,1
1/1/2025 2:00,4.95,1.55,3.2,59.9,230.6,9.95,36.3,3.29,1
1/1/2025 2:15,2.34,2.01,3.52,89.3,232.1,12.04,33.7,0.83,0
1/1/2025 2:30,2.25,2.23,4.14,63.3,231.2,12.37,32.7,0.34,0
1/1/2025 2:45,2.19,2.63,3,96.6,233.4,8.92,39.6,1.83,1
1/1/2025 3:00,0,0.63,6.78,72.7,225.8,20.31,36.8,-6.15,1
1/1/2025 3:15,3.04,2.51,3.11,74.1,226.7,6.95,36,2.44,1
1/1/2025 3:30,2.88,0.17,3.47,76.6,227.2,10.73,30.8,-0.42,0
1/1/2025 3:45,2.92,0,2.03,68.7,228.6,5,33.3,0.89,0
1/1/2025 4:00,1.61,0.98,3.9,71.8,227.2,11.81,20.6,-1.31,1
1/1/2025 4:15,1.29,0.92,4.93,89.4,225.7,13.52,30.2,-2.72,1
1/1/2025 4:30,1.12,2.7,4.34,80.7,233.5,12.48,41.3,-0.52,0
1/1/2025 4:45,2.02,1.13,4.22,66.8,229.3,10.11,31,-1.07,1
1/1/2025 5:00,2.86,0.55,3.69,81.5,233.3,10.84,34.2,-0.28,0
1/1/2025 5:15,1.84,2.05,0.78,85.7,231.7,5,27,3.11,1
1/1/2025 5:30,2.26,0.82,3.88,63.7,236.4,10.54,32.6,-0.8,0
1/1/2025 5:45,3.15,1.39,6.05,64,231.5,19.48,31.1,-1.5,1
1/1/2025 6:00,2.13,1.93,3.79,77.3,232.6,10.17,28.1,0.27,0
1/1/2025 6:15,2.54,1.39,5.68,72.9,230.8,16.96,32.3,-1.76,1
1/1/2025 6:30,1.88,0.66,4.33,65.6,225.1,13.39,31.1,-1.78,1
1/1/2025 6:45,3.67,1.04,4.63,87.4,231.3,14.26,30.4,0.08,0
1/1/2025 7:00,1.74,1.19,3.2,89.1,222.6,9.88,30.7,-0.27,0
1/1/2025 7:15,1.28,1.71,7,72.1,230.7,20.68,30.3,-4.01,1
1/1/2025 7:30,2.91,2.13,3.46,71.8,232.6,9.94,36.7,1.58,1
1/1/2025 7:45,2.06,0.19,4.26,65.8,229.7,12.44,34.8,-2.01,1
1/1/2025 8:00,3.03,0.3,6.15,71.2,227.6,18.13,28.6,-2.82,1
1/1/2025 8:15,2.71,1.7,2.48,74,225.8,8.27,22.8,1.93,1
1/1/2025 8:30,3.01,1.36,2.41,62.6,228.1,7.06,34.5,1.96,1
1/1/2025 8:45,4.59,2.44,1.9,74.7,223.5,6.7,29.1,5.12,1
1/1/2025 9:00,2.68,2.67,3.29,74.2,235.9,9.36,26.8,2.06,1
1/1/2025 9:15,3.13,0,3.48,77.3,222.2,10.27,29.6,-0.35,0
1/1/2025 9:30,2.9,2.02,4.67,74.4,232.3,13.75,32.8,0.24,0
1/1/2025 9:45,1.21,0.98,4.16,70,222.8,12.51,29.3,-1.97,1
1/1/2025 10:00,3.22,2.27,2.42,68,235,6.69,33.6,3.08,1
1/1/2025 10:15,1.57,1.11,4.42,70.8,236.4,11.85,34.9,-1.74,1
1/1/2025 10:30,0.91,1.42,2.57,84.8,231.3,10,38.5,-0.24,0
1/1/2025 10:45,2.52,2.77,3.42,64.5,228.4,9.1,29.3,1.87,1
1/1/2025 11:00,2.76,2.66,3.32,59.1,233,9.4,32.7,2.1,1
1/1/2025 11:15,1.99,2.7,4.38,56.7,227.2,12.62,29.5,0.32,0
1/1/2025 11:30,1.57,0.93,1.5,65,229.7,5,35.4,1,1
1/1/2025 11:45,5,2.31,2.85,68.3,230.3,9.2,27.3,4.45,1
1/1/2025 12:00,4.1,2.29,3.67,65.1,225.7,10.46,29,2.72,1
1/1/2025 12:15,1.61,1.39,3.42,65.3,233.6,10.43,28.2,-0.42,0
1/1/2025 12:30,2.4,1.92,1.92,52.1,227.7,6.4,31.8,2.4,1
1/1/2025 12:45,3.99,0.52,3.48,72.7,228,11.26,33.2,1.04,1
1/1/2025 13:00,2.64,1.52,2.81,92.6,235.4,7.85,30,1.36,1
1/1/2025 13:15,1.37,1.26,2.4,61.8,228,6.78,32.1,0.23,0
1/1/2025 13:30,2.56,1.91,3.95,75.2,229,11.33,34.8,0.52,0
1/1/2025 13:45,1.38,1.51,4.34,72.6,231,11.65,34.7,-1.45,1
1/1/2025 14:00,1.37,0.91,3.47,70.2,233.3,9.2,32.6,-1.19,1
1/1/2025 14:15,2.3,0.24,4.04,88,228.4,12.61,35.7,-1.5,1
1/1/2025 14:30,4,0.23,2.21,60.9,233.7,5.23,26,2.02,1
1/1/2025 14:45,2.85,0.95,1.92,76.1,234.5,7.74,31,1.87,1
1/1/2025 15:00,0.8,1.42,4.3,67.7,228.4,13.82,32.9,-2.08,1
1/1/2025 15:15,2.5,1.8,1.76,68.5,227.2,5.15,29.1,2.54,1
1/1/2025 15:30,2.22,2.01,3.5,100,230.6,8.3,34,0.73,0
1/1/2025 15:45,1.55,1.59,4.15,65.6,229,11.95,32.5,-1.02,1
1/1/2025 16:00,3.09,1.06,3.06,70.9,234.7,10.39,34.7,1.1,1
1/1/2025 16:15,4.72,2.47,3.19,80.2,231.4,10.26,33,4,1
1/1/2025 16:30,2.46,1.65,5.59,64.6,231.1,16.76,37.4,-1.48,1
1/1/2025 16:45,2.7,1.42,4.37,92.3,229.4,13.12,31.7,-0.25,0
1/1/2025 17:00,2.7,1.59,3.89,70.5,235.5,10.19,37.2,0.4,0
1/1/2025 17:15,1.68,2.07,4.32,85.8,229.6,14.04,32,-0.57,0
1/1/2025 17:30,2.68,1.55,4.27,85,230.7,11.48,32.8,-0.03,0
1/1/2025 17:45,3.76,1.43,3.72,86.8,230.6,11.48,29.5,1.47,1
1/1/2025 18:00,2.66,2.28,3.89,63.3,231.3,10.53,32.4,1.06,1
1/1/2025 18:15,3.98,1.26,4.04,93.1,232.2,12.41,42.4,1.2,1
1/1/2025 18:30,3.01,1.5,2.79,73.9,234.3,9.5,20,1.72,1
1/1/2025 18:45,3.4,2.06,3.92,74.5,228.6,9.76,36.2,1.54,1
1/1/2025 19:00,3.3,1.9,3.89,62,227.7,11.08,28.5,1.31,1
1/1/2025 19:15,2.05,1.25,3.16,80.2,236.9,8.77,36.5,0.13,0
1/1/2025 19:30,2.34,1.68,2.38,67.8,229,6.8,34.4,1.64,1
1/1/2025 19:45,1.97,1.48,1.85,71.9,227.6,6.4,32.9,1.61,1
1/1/2025 20:00,2.12,1.28,5.89,84,231.8,18.19,29.1,-2.5,1
1/1/2025 20:15,3.28,3.39,3.98,66.6,231.5,10.8,31.6,2.68,1
1/1/2025 20:30,1.13,1.98,3.17,63.5,230.2,9.76,32.4,-0.05,0
1/1/2025 20:45,2.45,0.58,6.18,59.9,227.8,17.74,37.5,-3.16,1
1/1/2025 21:00,2.34,0,2.17,73.4,234.6,6.6,27.1,0.17,0
1/1/2025 21:15,3.42,1.75,2.39,87.8,229.1,6.42,30.4,2.78,1
1/1/2025 21:30,3.37,2.84,2.91,71.1,232.6,9.2,29.6,3.3,1
1/1/2025 21:45,2.58,0.9,2.89,58.4,226.5,8.84,34.3,0.59,0
1/1/2025 22:00,1.38,0.75,5.86,59.5,227.5,17.26,28.2,-3.73,1
1/1/2025 22:15,1.87,0.71,3.92,77.3,228.9,11.85,33.1,-1.33,1
1/1/2025 22:30,2.16,0.03,3.36,69.4,227.6,8.98,29.9,-1.17,1
1/1/2025 22:45,2.87,0.88,2.54,79.8,229.6,7.59,31.9,1.21,1
1/1/2025 23:00,4.15,1.99,5.46,71.2,235.5,17.59,35.4,0.68,0
1/1/2025 23:15,0.89,0.53,3.7,96.8,231.4,11.44,35.7,-2.28,1
1/1/2025 23:30,1.37,1.33,4.66,89,230.2,13.98,27.6,-1.96,1
1/1/2025 23:45,2.22,2.8,2.91,50,234.1,10.28,29,2.11,1
1/2/2025 0:00,0.42,1.71,3.2,75.6,231.6,9.32,34.6,-1.07,1
1/2/2025 0:15,2.66,0.91,1.26,91.7,229.8,5,33.4,2.31,1
1/2/2025 0:30,4.25,2.09,3.85,70.9,235,10.32,34.3,2.49,1
1/2/2025 0:45,3.12,1.37,4.27,82.5,230.2,11.45,34.4,0.22,0
1/2/2025 1:00,0.92,1.36,2.49,85.7,225.8,7.92,34.3,-0.21,0
1/2/2025 1:15,4.19,1.45,3.35,81.6,228.7,11.71,37.4,2.29,1
1/2/2025 1:30,2.11,1.53,3.5,80.6,229.7,9.66,27.9,0.15,0
1/2/2025 1:45,2.37,1.61,4.88,57.3,234.8,13.36,28.7,-0.9,0
1/2/2025 2:00,1.96,0.98,3.63,79,230.1,11.45,34.3,-0.69,0
1/2/2025 2:15,0.93,1.21,3.71,74.1,231.7,11.04,30.6,-1.57,1
1/2/2025 2:30,3.63,2.44,2.1,78.1,225.8,7.21,37.6,3.97,1
1/2/2025 2:45,2.03,1.96,2.8,83.7,235.6,7.6,28.5,1.19,1
1/2/2025 3:00,1.65,1.86,3.33,80.3,225.4,9.2,30.7,0.18,0
1/2/2025 3:15,2.23,1.6,4.41,76.1,232.4,14.14,35.3,-0.58,0
1/2/2025 3:30,2.49,1.88,6.96,81.5,225.6,19.12,32.2,-2.59,1
1/2/2025 3:45,3.93,2.38,2.15,75.4,228.5,7.99,30.2,4.16,1
1/2/2025 4:00,2.76,1.72,5.78,81,229.1,19.35,32.4,-1.29,1
1/2/2025 4:15,3.3,2.12,4.37,62.5,229.1,14.55,30.1,1.05,1
1/2/2025 4:30,0.86,1.73,1.9,51.7,228.5,6.44,28.3,0.69,0
1/2/2025 4:45,3.21,0.79,6.02,72.7,233.3,19.09,30.9,-2.02,1
1/2/2025 5:00,1.64,0.76,2.8,73.5,228.9,8.82,30.9,-0.4,0
1/2/2025 5:15,4.22,1.61,4.06,56.3,230.9,12.74,35.2,1.77,1
1/2/2025 5:30,2.59,1.2,3.32,62.2,226.8,10.49,34.1,0.47,0
1/2/2025 5:45,2.05,1.47,3.98,87.1,230.8,13.1,40.1,-0.47,0
1/2/2025 6:00,1.54,2.5,4.86,83.8,231.6,14.39,36.8,-0.81,0
1/2/2025 6:15,1.59,1.16,3.73,71.9,231.7,9.63,31.2,-0.98,0
1/2/2025 6:30,1.18,0,4.01,83.7,230,11.85,29.1,-2.83,1
1/2/2025 6:45,1.4,2.22,3.95,78.5,230,11.87,34.6,-0.33,0
1/2/2025 7:00,2.53,2.74,3.78,80.4,231.3,10.09,29.3,1.48,1
1/2/2025 7:15,3.01,2.36,2.75,89.4,222,11.26,30.1,2.61,1
1/2/2025 7:30,4.78,1.83,2.98,82.7,229.3,8.04,33.9,3.63,1
1/2/2025 7:45,0,0.26,2.06,77.3,233.4,5.52,32.7,-1.8,1
1/2/2025 8:00,3,2.29,3.37,73.6,233.9,9.9,35.1,1.92,1
1/2/2025 8:15,1.46,1.5,3.13,73,227.5,12.02,31.3,-0.17,0
1/2/2025 8:30,4.04,2.11,1.41,71.2,225.2,5,27,4.74,1
1/2/2025 8:45,4.21,1.04,4.77,80.3,225.5,14.19,36.7,0.48,0
1/2/2025 9:00,5,1.11,2.14,91.5,234.8,6.42,32.6,3.97,1
1/2/2025 9:15,3.03,2.16,3.44,88.2,227,10.43,35.5,1.75,1
1/2/2025 9:30,3.5,1.51,5.01,72.1,230.7,15.52,38.7,0,0
1/2/2025 9:45,2.45,0.91,2.72,64,230.1,8.75,30.3,0.64,0
1/2/2025 10:00,3.21,0.68,2.58,73.1,229.2,7.87,32.8,1.3,1
1/2/2025 10:15,2.17,0,3.18,94.4,228.2,9.57,27.3,-1.01,1
1/2/2025 10:30,1.91,3.04,4.22,77.2,227.7,11.62,26.6,0.74,0
1/2/2025 10:45,1.74,1.55,3.75,82.6,230,11.13,29.3,-0.46,0
1/2/2025 11:00,1.39,1.77,2.84,63.8,232.8,8.06,30,0.32,0
1/2/2025 11:15,2.38,0.4,1.97,73.3,227.5,6.14,30.2,0.81,0
1/2/2025 11:30,2.38,0.54,3.48,66,227.8,11.49,32.1,-0.55,0
1/2/2025 11:45,2.32,1.86,5.65,76.3,226.5,16.17,34.3,-1.47,1
1/2/2025 12:00,2.53,2.47,3.68,70,228,11.9,25.2,1.31,1
1/2/2025 12:15,2.55,1.42,3.15,67.1,228.3,9.85,35.5,0.82,0
1/2/2025 12:30,2.28,2.77,2.05,59.8,230.3,6.49,33.6,3,1
1/2/2025 12:45,3.32,1.7,1.53,72.8,228.3,5,28.4,3.5,1
1/2/2025 13:00,2.6,0.84,2.4,60.2,225.7,6.27,29.1,1.04,1
1/2/2025 13:15,2.35,0.75,3.55,76.2,226.4,11.42,29.4,-0.46,0
1/2/2025 13:30,3.34,1.26,3.32,80.1,230.3,11.17,31.4,1.28,1
1/2/2025 13:45,2.56,0.65,2.98,65.6,232.1,8.91,26.1,0.24,0
1/2/2025 14:00,2.74,1.01,3.48,70.7,229.4,10.06,38,0.26,0
1/2/2025 14:15,3.58,0.87,3.13,69,227.1,10.02,33.9,1.32,1
1/2/2025 14:30,3.23,0.67,5.07,69,227.8,17.09,36.2,-1.17,1
1/2/2025 14:45,1.12,2.14,4.84,66,231.9,15.15,34.6,-1.58,1
1/2/2025 15:00,1.5,1.22,2.79,79.7,237,8.51,32.7,-0.07,0
1/2/2025 15:15,2.33,1.7,1.67,74.4,232.3,6.42,34.6,2.36,1
1/2/2025 15:30,2.09,1.75,5.59,77.5,231.2,18.17,32.4,-1.75,1
1/2/2025 15:45,1.94,1.93,2.65,74.9,227.5,7.38,32.9,1.21,1
1/2/2025 16:00,3.35,1.26,4.48,66.2,227.8,12.69,33.6,0.14,0
1/2/2025 16:15,1.01,1.59,3.12,81.1,229.1,11.25,27.4,-0.52,0
1/2/2025 16:30,3.36,1.23,3.85,72.9,232.9,9.73,37,0.74,0
1/2/2025 16:45,1.16,2.29,4.28,73.4,229.1,12.89,39.7,-0.83,0
1/2/2025 17:00,1.91,0.54,6.04,79.8,226.7,18.24,33.2,-3.6,1
1/2/2025 17:15,3.48,1.01,4.61,70,227.5,13.55,36.6,-0.12,0
1/2/2025 17:30,3.22,0.87,4.15,68.3,237.5,14.01,29.3,-0.06,0
1/2/2025 17:45,2.09,2.02,2.97,66,229.5,8.92,34.2,1.13,1
1/2/2025 18:00,3.87,1.07,6.07,75.8,232.9,17.42,34.3,-1.13,1
1/2/2025 18:15,1.31,2.09,3.07,59.9,228.8,8.74,32,0.33,0
1/2/2025 18:30,2.14,1.55,2.84,63.2,228.2,8.51,26.2,0.85,0
1/2/2025 18:45,2.7,1.72,4.61,70.8,234.3,14.28,30.7,-0.19,0
1/2/2025 19:00,4.45,2.07,4.17,63.3,235.8,12.95,26.4,2.35,1
1/2/2025 19:15,4.4,1.59,3.19,90.6,233.2,10.67,29.8,2.8,1
1/2/2025 19:30,2.26,0.56,3.7,63.5,224.7,13.11,26.5,-0.87,0
1/2/2025 19:45,3.16,0.82,4.78,66.9,230.8,15.63,30.5,-0.8,0
1/2/2025 20:00,2.94,0.25,4.63,70.3,226.7,13.88,34.3,-1.44,1
1/2/2025 20:15,2.92,1.13,3.18,60.5,230.9,9.44,42,0.87,0
1/2/2025 20:30,2.38,1.75,2.79,89.5,228.1,8.38,35.6,1.34,1
1/2/2025 20:45,2.7,1.99,1.25,80.3,234.5,5,32,3.44,1
1/2/2025 21:00,1.86,1.65,2.88,71.7,229.4,7.98,21.3,0.63,0
1/2/2025 21:15,1.38,1.2,2.98,70.2,229.9,8.14,35.1,-0.41,0
1/2/2025 21:30,1.03,3.03,4.35,74.6,225.9,11.19,28.7,-0.28,0
1/2/2025 21:45,2.87,2.19,5.31,76.4,231.1,14.72,36.4,-0.25,0
1/2/2025 22:00,1.95,0.97,4.95,86.3,230.6,15.43,34.4,-2.03,1
1/2/2025 22:15,2.23,2.05,3.95,61.3,230.8,11.93,24.5,0.33,0
1/2/2025 22:30,3.26,0.34,3.98,68.9,231,10.68,42.2,-0.37,0
1/2/2025 22:45,3.58,0.67,2.68,67.2,234.3,6.61,26.6,1.56,1
1/2/2025 23:00,3.12,0.23,4.52,79.5,231.8,12.93,35.8,-1.18,1
1/2/2025 23:15,1.42,0.23,3.05,79.3,232,10.9,30.3,-1.4,1
1/2/2025 23:30,3.23,1.15,4.12,73.8,230.4,13.01,34,0.26,0
1/2/2025 23:45,2.51,0.09,1.98,68.7,231.7,6.61,30.4,0.63,0
1/3/2025 0:00,1.66,1.93,1.88,70.9,238.1,5,28.1,1.7,1
1/3/2025 0:15,1.89,0.46,3.64,65,225.7,9.9,32.5,-1.29,1
1/3/2025 0:30,1.48,1.55,2.9,66.4,225,7.94,30.2,0.13,0
1/3/2025 0:45,2.39,0.86,4.82,80.3,225.8,10.97,39,-1.57,1
1/3/2025 1:00,2.05,0.85,5.2,74.2,227.2,17.07,28.2,-2.3,1
1/3/2025 1:15,2.22,1.69,4.23,58.4,232.6,13.88,33,-0.33,0
1/3/2025 1:30,3.79,1.97,5.07,83.2,231.9,16.18,35,0.68,0
1/3/2025 1:45,1.75,0.62,2.11,71,231.8,6.34,29.6,0.26,0
1/3/2025 2:00,1.32,0.5,4.52,63.6,231.3,14.04,28.1,-2.7,1
1/3/2025 2:15,2.49,1.83,3.9,65.2,231.9,12.2,31,0.43,0
1/3/2025 2:30,1.45,0.7,0.65,50.4,231.7,5,42.5,1.5,1
1/3/2025 2:45,3.08,1.54,3.36,66.6,227.4,10.13,31,1.26,1
1/3/2025 3:00,2.79,1.42,4.93,73.9,231.4,11.55,39.6,-0.72,0
1/3/2025 3:15,3.16,1.34,2.75,71.4,226.7,6.63,29.7,1.75,1
1/3/2025 3:30,1.97,0.39,3.36,90.9,234.3,10.26,32.2,-1,1
1/3/2025 3:45,1.7,0.18,2.5,65.4,226.8,7.4,31.9,-0.62,0
1/3/2025 4:00,2.65,2.69,3.56,70.7,228,12.14,32.3,1.77,1
1/3/2025 4:15,2.04,0.1,4.83,72.9,229.4,15.04,25.6,-2.69,1
1/3/2025 4:30,0.89,1.35,5.05,86.3,230.5,14.26,37,-2.81,1
1/3/2025 4:45,3.31,1,5.31,88.5,233.9,15.56,27.3,-1,0
1/3/2025 5:00,2.01,2.46,5.84,87.4,225.2,18.42,22.4,-1.37,1
1/3/2025 5:15,2.32,1.68,4.22,77.2,232.7,11.64,28.7,-0.23,0
1/3/2025 5:30,3.51,1.8,4.03,82.4,226.5,12.62,30.1,1.27,1
1/3/2025 5:45,1.44,2.49,2.29,49.7,231.3,5.84,35.6,1.64,1
1/3/2025 6:00,2.97,1.57,5.41,71.1,228.6,16.31,37.7,-0.86,0
1/3/2025 6:15,1.25,2.33,4.96,63.9,232.7,15.87,29.6,-1.39,1
1/3/2025 6:30,2.46,1.11,3.2,91.8,232.3,10.79,31.1,0.37,0
1/3/2025 6:45,2.9,1.04,4.91,67.3,231.5,13.33,27.4,-0.96,0
1/3/2025 7:00,0.88,1.78,3.81,95.1,228.2,13.84,33.6,-1.15,1
1/3/2025 7:15,2.52,1.6,4.05,81.3,234.2,10.34,29.7,0.06,0
1/3/2025 7:30,4.43,1.33,2.66,48.8,231.6,7.9,26.7,3.1,1
1/3/2025 7:45,3.91,2.52,4.23,78.5,228.2,12.74,33.8,2.2,1
1/3/2025 8:00,3.95,0.61,3.28,87.7,232.6,9.33,34.7,1.28,1
1/3/2025 8:15,1.36,1.35,2.34,60.3,232.2,6.45,24.8,0.38,0
1/3/2025 8:30,2.44,0.26,2.47,66.8,232.2,6.03,28.7,0.23,0
1/3/2025 8:45,2.99,0,3.99,80.6,232.2,12.78,28.4,-1.01,1
1/3/2025 9:00,1.76,0.18,3.37,92.9,235.4,10,29.4,-1.44,1
1/3/2025 9:15,2.94,1.98,2.33,91.4,233.8,5.53,35.6,2.59,1
1/3/2025 9:30,1.35,1.6,2.38,59.6,228,7.93,24.8,0.57,0
1/3/2025 9:45,2.26,1.94,2.37,85.9,230.6,6.33,41.2,1.84,1
1/3/2025 10:00,3.8,1.63,3.65,83.5,227.3,9.76,31.2,1.78,1
1/3/2025 10:15,3.26,1.1,4.07,78,229.3,11.4,26.1,0.29,0
1/3/2025 10:30,1.12,0.92,3.34,81,229.2,10.78,28.3,-1.29,1
1/3/2025 10:45,2.88,2.59,3.48,68.1,230.7,10.85,40.2,1.99,1
1/3/2025 11:00,2.44,1.6,2.52,81.1,226.9,8.94,28,1.52,1
1/3/2025 11:15,3.98,1.84,3.33,82.6,226.5,10.3,29.9,2.49,1
1/3/2025 11:30,1.84,0.47,3.94,62.8,227.1,12.04,29.6,-1.63,1
1/3/2025 11:45,2.64,0.13,6.1,74.3,233.9,18.43,38.6,-3.33,1
1/3/2025 12:00,2.36,1.6,2.29,90.6,231.1,8.45,40.7,1.67,1
1/3/2025 12:15,3.44,1.09,3.5,87,234.5,11.01,37.2,1.03,1
1/3/2025 12:30,4.09,0.69,4.28,72.1,228,13.55,35,0.5,0
1/3/2025 12:45,1.62,1.28,4.5,77.1,227.1,13.88,34,-1.6,1
1/3/2025 13:00,1.67,1.93,1.96,66.8,229.7,5.67,32.5,1.65,1
1/3/2025 13:15,2.25,1.42,4.02,53,235.6,11.97,27.7,-0.35,0
1/3/2025 13:30,2.39,1.95,4.68,64.3,229.5,13.32,32.3,-0.33,0
1/3/2025 13:45,2.49,1.67,4.4,83.4,230.9,13.44,39,-0.23,0
1/3/2025 14:00,2.76,0.87,1.15,73.8,236.8,5,28.8,2.48,1
1/3/2025 14:15,1.19,1.16,2.7,70.3,227.5,8.45,37.1,-0.35,0
1/3/2025 14:30,1.43,0.93,2.88,61.2,233.8,8.4,35.1,-0.52,0
1/3/2025 14:45,2.26,0.98,3.13,86.7,229,11.82,27.9,0.12,0
1/3/2025 15:00,2.22,1.73,4.27,78.4,224,12.94,35.1,-0.33,0
1/3/2025 15:15,2.45,1.33,2.5,55.8,228.4,7.01,33.3,1.28,1
1/3/2025 15:30,2.57,1.37,2,84.7,230.6,7.44,32.7,1.94,1
1/3/2025 15:45,2.01,0.68,4.37,70.4,232,13.65,29.5,-1.69,1
1/3/2025 16:00,4.42,0.42,3.18,55.6,233.6,9.12,32.1,1.67,1
1/3/2025 16:15,3.51,0.95,1.42,88.5,227,5,27.8,3.05,1
1/3/2025 16:30,2.85,0.23,3.4,55.6,225.4,10.33,33.9,-0.32,0
1/3/2025 16:45,2.42,1.79,4.15,80,226.5,11.77,32.4,0.06,0
1/3/2025 17:00,2.37,0.7,2.9,65.8,228.3,9.86,29.5,0.16,0
1/3/2025 17:15,3.31,2.35,4.37,88.9,229.6,12.6,34.5,1.3,1
1/3/2025 17:30,3.49,0,5.09,75.4,225.6,16.78,33.7,-1.6,1
1/3/2025 17:45,2.46,1.02,4.03,95.6,221.9,12.95,38.6,-0.55,0
1/3/2025 18:00,2.7,1.79,4.84,60.2,226.2,15.69,32.1,-0.35,0
1/3/2025 18:15,1.31,2.07,5.93,100,229.3,17.22,33.5,-2.54,1
1/3/2025 18:30,1.32,1.6,1.76,61.1,228.9,6.61,27.1,1.16,1
1/3/2025 18:45,2.12,0.57,1.99,77,230.7,5.29,35.9,0.7,0
1/3/2025 19:00,1.87,0.95,1.56,63,228.2,5.72,31.2,1.25,1
1/3/2025 19:15,3.79,1.18,2.2,71.1,232.9,6.65,30.1,2.77,1
1/3/2025 19:30,2.33,0.66,1.46,85.9,230.8,5,40.3,1.53,1
1/3/2025 19:45,1.66,2.2,1.66,72,228.5,5,28.2,2.21,1
1/3/2025 20:00,4.08,1.31,2.54,72,229.7,5.17,30.7,2.85,1
1/3/2025 20:15,1.16,0.71,5.05,88.4,229.1,13.96,34.1,-3.17,1
1/3/2025 20:30,0.74,1.99,3.11,78.5,231.4,8.9,30.8,-0.37,0
1/3/2025 20:45,2.03,2,4.14,84.4,225.8,14.15,41.5,-0.12,0
1/3/2025 21:00,1.45,1.85,3.93,81.4,229.4,11.49,30.7,-0.63,0
1/3/2025 21:15,2.99,3.59,3.24,79.2,230.8,8.57,31.9,3.33,1
1/3/2025 21:30,1.88,1.76,4.12,62.5,229.9,11.93,25.6,-0.48,0
1/3/2025 21:45,1.66,1.63,3.7,76.1,229.6,10.13,27.6,-0.41,0
1/3/2025 22:00,1.75,2.35,0.84,70.7,230.2,5,24.3,3.26,1
1/3/2025 22:15,1.04,0.29,2.36,84.3,223.4,7.39,31.7,-1.04,1
1/3/2025 22:30,2.3,0.8,3.11,75.5,226.4,9.27,31.7,-0.01,0
1/3/2025 22:45,3.4,1.36,3.55,64.4,230.7,10.89,30,1.22,1
1/3/2025 23:00,5,0.92,3.41,74.2,226.2,9.63,32.4,2.51,1
1/3/2025 23:15,0,2.58,3.49,81.5,228.2,10.19,33.8,-0.91,0
1/3/2025 23:30,1.97,1.26,3.65,81.2,231.3,9.65,32.2,-0.42,0
1/3/2025 23:45,2.45,1.25,2.64,65.3,227.2,8.37,35.4,1.07,1
1/4/2025 0:00,2.38,2.9,4.59,80.9,231.1,14.01,31,0.69,0
1/4/2025 0:15,2.24,1.95,5.02,67.3,228.5,15.9,37,-0.83,0
1/4/2025 0:30,2.02,1.13,5.01,79.2,223.2,14.77,29.3,-1.86,1
1/4/2025 0:45,2.61,2.19,5.33,78.7,233,17.53,33.6,-0.53,0
1/4/2025 1:00,2.82,1.52,3.42,83.7,226.4,9.15,29.9,0.92,0
1/4/2025 1:15,0.77,1.57,2.15,71.5,232.5,5.91,30.7,0.19,0
1/4/2025 1:30,1.19,1.63,5.52,68.2,233.1,17.55,34.6,-2.7,1
1/4/2025 1:45,3.6,2.43,3.06,85.8,228.5,8.96,30.9,2.97,1
1/4/2025 2:00,3.61,1.18,3.4,87.6,226.1,11.05,33.9,1.39,1
1/4/2025 2:15,1.84,0.99,2.37,77.8,228.5,6.36,31.1,0.46,0
1/4/2025 2:30,1.79,0.08,3.29,74.3,229.4,9.45,33.4,-1.42,1
1/4/2025 2:45,3.49,2.11,5.54,80,235.4,16.83,29.9,0.07,0
1/4/2025 3:00,2.1,0.32,5.59,77.2,234.3,16.49,28.8,-3.17,1
1/4/2025 3:15,2.08,1.53,3.75,82.7,230.8,13.57,32.8,-0.14,0
1/4/2025 3:30,1.14,1.07,4.89,48.6,230.3,14.58,24,-2.68,1
1/4/2025 3:45,2.24,2,4.69,60.3,229.7,13.18,33.1,-0.45,0
1/4/2025 4:00,2.47,1.47,5.48,66.6,228.1,16.97,33,-1.53,1
1/4/2025 4:15,3.25,2.51,0.59,70.7,235.3,5,33.5,5.17,1
1/4/2025 4:30,2.39,2.14,4.16,61.5,222.2,11.64,30.6,0.37,0
1/4/2025 4:45,2.18,1.01,1.93,82.2,229.3,5.71,26,1.26,1
1/4/2025 5:00,2.73,2.17,5.05,85.7,225.2,17.21,30.2,-0.14,0
1/4/2025 5:15,2.33,1.19,3.8,86.9,229.9,10.79,34.6,-0.28,0
1/4/2025 5:30,1.78,1.75,3.9,64.8,230.5,11.61,29.2,-0.37,0
1/4/2025 5:45,2.72,1.54,4.8,80,224.2,14.79,34.6,-0.54,0
1/4/2025 6:00,0,1.27,1.62,78.6,229.9,5,32,-0.34,0
1/4/2025 6:15,2.67,2.24,4.76,77.6,232.4,13.65,36,0.15,0
1/4/2025 6:30,2.8,1.45,4.49,76.1,225.9,13.45,32.3,-0.23,0
1/4/2025 6:45,1.4,1.31,3.38,77.7,229,9.05,32.2,-0.67,0
1/4/2025 7:00,3.04,2.16,3.21,75.5,229.2,9.35,33.9,1.99,1
1/4/2025 7:15,1.74,1.85,1.85,58.5,229.9,5.36,31.3,1.74,1
1/4/2025 7:30,1.98,1.91,5.32,73.5,229.7,14.09,31.4,-1.44,1
1/4/2025 7:45,1.65,1.28,2.88,71.2,234.2,8.7,29.3,0.05,0
1/4/2025 8:00,1.47,1.17,4.52,67.3,231.7,13.93,35.2,-1.88,1
1/4/2025 8:15,2.16,1.19,2.25,59.7,233.1,6.78,28.7,1.1,1
1/4/2025 8:30,1.78,1.87,5.16,82.9,227.2,13.46,37.5,-1.51,1
1/4/2025 8:45,1.91,1.43,3.51,78,228.3,11.24,32.4,-0.18,0
1/4/2025 9:00,2.19,1.61,4.65,81.7,230,13.7,29,-0.85,0
1/4/2025 9:15,4.02,1.01,3.7,70.4,232.9,11.13,36.3,1.32,1
1/4/2025 9:30,0.31,1.51,2.3,66.5,230.5,6.48,29.7,-0.48,0
1/4/2025 9:45,0.54,1.89,1.85,77.2,225.8,5.37,40.7,0.58,0
1/4/2025 10:00,1.49,1.65,4.44,75.1,223.8,13.35,29.2,-1.3,1
1/4/2025 10:15,2.81,0.33,3.79,78.1,225.8,11.2,30.6,-0.64,0
1/4/2025 10:30,3.29,2.2,1.6,75.6,231.7,6.08,27.5,3.89,1
1/4/2025 10:45,3.99,1.37,4.5,84.5,230.4,13.9,31.8,0.85,0
1/4/2025 11:00,2.26,1.37,4.92,84.6,234.5,14.62,32.3,-1.29,1
1/4/2025 11:15,3.73,1.46,5.15,57.3,228.5,15.28,30.2,0.05,0
1/4/2025 11:30,2.09,1.24,1.67,83.9,228.8,5,22.9,1.66,1
1/4/2025 11:45,2.04,0.98,2.78,71.3,228.4,7.75,32.7,0.24,0
1/4/2025 12:00,1.75,1.44,3.03,72.5,228.2,10.01,35.9,0.16,0
1/4/2025 12:15,4.27,0.84,3.5,77.5,231.7,11.39,33.2,1.62,1
1/4/2025 12:30,1.32,1.99,1.4,60.3,229.9,5.46,36.1,1.91,1
1/4/2025 12:45,1.94,1.68,2.54,79.8,229.5,9.2,40.7,1.08,1
1/4/2025 13:00,0.82,1.34,3.76,62.8,235.4,11.34,30.6,-1.6,1
1/4/2025 13:15,2.73,1.39,2.09,63.6,231.2,5.8,31.4,2.03,1
1/4/2025 13:30,2.55,1.62,2.56,86.7,234.3,7.06,33.7,1.61,1
1/4/2025 13:45,0,1.83,3.48,87.3,227.8,9.49,39.9,-1.65,1
1/4/2025 14:00,0.9,2.79,3.4,86.1,228,9.5,26.2,0.29,0
1/4/2025 14:15,3.07,1.19,2.77,69.6,232.3,10.48,26.2,1.49,1
1/4/2025 14:30,1.62,2.63,2.44,79.4,229,6.66,32.8,1.8,1
1/4/2025 14:45,2.18,0.17,3.13,70.9,226.8,7.3,34.4,-0.78,0
1/4/2025 15:00,2.81,1.66,2.74,80.4,230,9.28,35.3,1.73,1
1/4/2025 15:15,1.71,1.68,2.64,71.3,229.9,5.53,32.4,0.75,0
1/4/2025 15:30,4.49,2.12,2.97,73.2,231.2,8.51,41,3.63,1
1/4/2025 15:45,4.12,2.09,2.71,64.6,232,6.75,34,3.51,1
1/4/2025 16:00,2.75,1.6,2.33,76.4,227.8,8.14,27.1,2.01,1
1/4/2025 16:15,1.04,1.46,3.48,64.5,229.6,12.84,31.1,-0.98,0
1/4/2025 16:30,0.84,1.41,4.24,68.5,230.5,12.68,30.6,-2,1
1/4/2025 16:45,2.6,1.39,3.31,74.1,231.5,10.15,35.2,0.67,0
1/4/2025 17:00,4.76,1.69,4.41,85.5,230.7,12.37,32.7,2.04,1
1/4/2025 17:15,4.21,1.43,1.31,72.6,225.9,5,29.5,4.33,1
1/4/2025 17:30,2.37,1.33,4.7,83.3,229.3,12.98,28.6,-1,1
1/4/2025 17:45,1.2,0.42,2.42,67.6,229.2,6.2,35.4,-0.79,0
1/4/2025 18:00,1.71,0.25,3.87,70.1,232.4,11.54,34.1,-1.9,1
1/4/2025 18:15,0.75,2.46,4.32,92.1,228.6,14.06,36,-1.11,1
1/4/2025 18:30,2.22,2.13,3.79,83.9,231.4,10.81,29.5,0.56,0
1/4/2025 18:45,3.33,1.56,1.39,81.4,230.1,5,42.5,3.5,1
1/4/2025 19:00,3.63,2.76,3.8,57.8,228.4,11.45,33.3,2.58,1
1/4/2025 19:15,3.05,2.77,3.38,77.4,228.9,9.71,25.4,2.45,1
1/4/2025 19:30,2.15,1.54,4.36,65.3,228.3,13.25,32.3,-0.67,0
1/4/2025 19:45,1.56,0.1,3.81,70.5,229.6,12.36,31.5,-2.15,1
1/4/2025 20:00,1.23,1.38,3.13,82.8,226.3,9.55,36.6,-0.52,0
1/4/2025 20:15,0.13,1.39,2.86,65.3,225.5,9.73,32.8,-1.34,1
1/4/2025 20:30,2.62,1.48,1.85,74.3,229.9,5.72,32.6,2.25,1
1/4/2025 20:45,1.93,1.62,2.59,86.6,233.1,7.49,33.6,0.97,0
1/4/2025 21:00,3.17,2.54,3.72,87.5,229.2,12.23,30.3,1.99,1
1/4/2025 21:15,3.04,2.19,4.9,75.6,224.5,14.56,33.5,0.33,0
1/4/2025 21:30,1.33,2.54,4.77,77.4,231.9,15.34,31.5,-0.9,0
1/4/2025 21:45,0.13,0.68,4.61,82.9,229.5,12.32,33.3,-3.8,1
1/4/2025 22:00,1.54,1.46,4.51,63.4,232.2,13.45,31.8,-1.5,1
1/4/2025 22:15,3.49,2.61,4.31,71.4,232.3,13.94,35.5,1.79,1
1/4/2025 22:30,4.07,1.67,2.41,92.5,229.9,7.87,32.3,3.32,1
1/4/2025 22:45,3.73,1.66,3.7,68.7,239.1,11.49,33.3,1.69,1
1/4/2025 23:00,2.48,1.13,2.44,70.2,232.2,6.62,26.5,1.17,1
1/4/2025 23:15,1.38,3.03,1.29,73.3,236.8,5,30.8,3.13,1
1/4/2025 23:30,0.48,1.94,3.55,100,231.1,11.32,29.6,-1.12,1
1/4/2025 23:45,1.99,1.28,5.48,88.6,234.1,16.02,34.2,-2.21,1
1/5/2025 0:00,1.68,1.07,6.04,59.6,224.2,17.16,33.4,-3.28,1
1/5/2025 0:15,1.98,1.69,4.37,81.8,232.4,12.04,31.4,-0.7,0
1/5/2025 0:30,3.25,1.07,3.87,84.9,232.6,10.21,26.7,0.44,0
1/5/2025 0:45,3.9,1.96,4.43,75.5,225.7,13.13,24.8,1.42,1
1/5/2025 1:00,2.15,1.25,3.97,62.4,232.5,10.89,36.7,-0.58,0
1/5/2025 1:15,3.19,1.89,3,80.7,226.4,9,29,2.08,1
1/5/2025 1:30,1.36,2.71,4.21,43.3,227.8,12.61,36,-0.13,0
1/5/2025 1:45,2.46,2.69,2.99,71.4,232,9.12,22.8,2.16,1
1/5/2025 2:00,4.48,2.09,1.52,67.2,231.5,5.87,27.8,5.05,1
1/5/2025 2:15,1.83,1.91,3.16,77.6,226.7,8.34,27.2,0.58,0
1/5/2025 2:30,2.11,0,2.12,79.4,232.8,7.44,22.8,-0.01,0
1/5/2025 2:45,1.6,0.62,4.11,89.5,231.4,11.11,31.6,-1.88,1
1/5/2025 3:00,2.57,0.78,2.33,83.2,233,5,34.6,1.02,1
1/5/2025 3:15,2.4,1.99,4.07,79.9,233.5,12.43,32.6,0.32,0
1/5/2025 3:30,2.39,0.75,4.37,77,229.8,13.8,31.5,-1.22,1
1/5/2025 3:45,4.03,0.91,3.52,78.5,226.2,10.62,32.7,1.43,1
1/5/2025 4:00,2.47,2.4,2.53,79,229.4,9.24,26.2,2.34,1
1/5/2025 4:15,1.99,1.64,2.05,62.6,227.1,6.38,23.3,1.58,1
1/5/2025 4:30,2.66,1.61,3.98,87.4,227.9,11.64,28.9,0.29,0
1/5/2025 4:45,4.18,1.95,3.16,69,231.6,9.95,32.9,2.97,1
1/5/2025 5:00,2.22,1.27,3.31,73.6,228.8,10.46,33.5,0.18,0
1/5/2025 5:15,3.66,0.69,2.71,83.6,233.5,7.48,30.1,1.64,1
1/5/2025 5:30,1.15,2.11,4.32,57.2,229,13.64,32.1,-1.06,1
1/5/2025 5:45,3.07,3.6,4.21,44.1,231.4,13.5,28.3,2.46,1
1/5/2025 6:00,1.94,2.91,4.46,80.1,231.3,13.1,30.1,0.39,0
1/5/2025 6:15,2.38,1.5,3.82,64.7,226.6,11.96,31.2,0.07,0
1/5/2025 6:30,3.09,0.86,5.35,58.2,228.3,14.46,27.4,-1.4,1
1/5/2025 6:45,2.25,2.29,3.47,70.4,231.7,9.89,35.9,1.08,1
1/5/2025 7:00,2.07,0.36,2.86,86.4,224.5,6.04,28.9,-0.43,0
1/5/2025 7:15,3.93,1.41,2.93,65.9,231,9.42,34,2.41,1
1/5/2025 7:30,2.69,2.01,2.03,75.8,231.1,5.57,33.4,2.67,1
1/5/2025 7:45,3.43,2.64,4.07,79.2,236.2,11.26,35.2,1.99,1
1/5/2025 8:00,2.82,1.48,4.98,71.4,232.8,15.78,30.3,-0.67,0
1/5/2025 8:15,1.45,1.63,5.01,80.5,230.9,15.84,37.2,-1.94,1
1/5/2025 8:30,1.75,2.54,3.42,76.5,229.6,9.77,36.5,0.87,0
1/5/2025 8:45,0.12,2.43,4.61,78.7,230.4,13.66,31.8,-2.06,1
1/5/2025 9:00,3.37,2.63,4.03,79.9,226.6,12.35,31.2,1.98,1
1/5/2025 9:15,3.16,2.62,6.61,90.1,227.8,22.08,32,-0.82,0
1/5/2025 9:30,1.85,2.27,5.78,74.3,230.6,18.11,29.2,-1.65,1
1/5/2025 9:45,3.22,1.5,5.08,96.1,232.1,13.41,26.5,-0.36,0
1/5/2025 10:00,2.23,1.59,2.1,82,235.4,6.96,39.1,1.72,1
1/5/2025 10:15,3.33,0.68,3.69,66.4,227.9,10.6,29.8,0.32,0
1/5/2025 10:30,1.43,2.06,4.48,87.3,228,12.81,34.7,-1,0
1/5/2025 10:45,2.69,1.22,5.26,82.7,231.3,13.64,33,-1.35,1
1/5/2025 11:00,3.93,1.22,3.89,85.4,232.6,11.1,39.1,1.26,1
1/5/2025 11:15,1.74,1.32,5.04,59.9,228.3,16.23,30.3,-1.98,1
1/5/2025 11:30,3.23,1.88,3.33,65,229.1,9.91,31.3,1.78,1
1/5/2025 11:45,1.48,1.85,2.91,75.8,233.5,9.31,30.6,0.42,0
1/5/2025 12:00,3.2,1.07,2.31,85.2,230.8,6.66,30.3,1.95,1
1/5/2025 12:15,2.52,1.55,2.74,60.9,228.8,7.76,30.7,1.33,1
1/5/2025 12:30,1.91,1.71,5.15,66.1,234.7,14.56,36.8,-1.53,1
1/5/2025 12:45,1.36,1.95,5.81,54.2,228.3,16.88,35.1,-2.5,1
1/5/2025 13:00,3.96,0.67,2.73,69.5,227.7,6.96,26.5,1.89,1
1/5/2025 13:15,3.55,2.96,2.6,84.5,235.4,8.41,30.4,3.91,1
1/5/2025 13:30,1.81,1.55,4.03,70.3,226.6,10.8,30.8,-0.67,0
1/5/2025 13:45,1.35,0.58,3.76,63.7,232.5,11.42,40.9,-1.83,1
1/5/2025 14:00,2.62,2.13,1.91,75.2,227,5.1,32.9,2.83,1
1/5/2025 14:15,2.45,0.99,4.63,77.1,231.9,13.11,38.5,-1.19,1
1/5/2025 14:30,1.2,0.68,4.78,63.4,229.6,15.41,35.6,-2.91,1
1/5/2025 14:45,2.18,1.13,4.86,91.9,236,13.83,30.5,-1.55,1
1/5/2025 15:00,1.52,1.94,2.47,69.9,225,7.8,37.2,0.99,0
1/5/2025 15:15,4.38,1.26,3.83,69.9,226.2,10.83,37.1,1.8,1
1/5/2025 15:30,2.11,1.38,1.34,79.8,228.9,5,28.4,2.15,1
1/5/2025 15:45,2.54,2.16,4.31,62.8,226.6,11.97,36.2,0.4,0
1/5/2025 16:00,3.85,1.2,6.06,70.2,230.7,17.25,25.1,-1.02,1
1/5/2025 16:15,4.05,0.03,4.57,75.4,234,13.89,33,-0.5,0
1/5/2025 16:30,3.25,2.14,3.37,68.7,232.1,10.28,32.5,2.01,1
1/5/2025 16:45,3.39,0.98,4.5,96.4,229.7,14.65,29.5,-0.13,0
1/5/2025 17:00,3.04,2.23,2.3,61.6,234.3,6.05,38.5,2.96,1
1/5/2025 17:15,4.18,2.06,4.71,57.9,231.6,13.75,31.8,1.53,1
1/5/2025 17:30,2.47,1.83,2.33,73.3,233.3,6.28,34.9,1.98,1
1/5/2025 17:45,2.98,2.15,4.12,70.6,224.4,13.11,34.8,1,1
1/5/2025 18:00,5,2.02,3.7,54.9,230.1,11.22,25.7,3.32,1
1/5/2025 18:15,3.19,0.44,5.41,77,228.7,15.24,34.3,-1.78,1
1/5/2025 18:30,2.06,2.02,2.75,86.8,230.9,6.28,33.2,1.33,1
1/5/2025 18:45,2.22,0.61,4.91,78.3,228.4,16.22,33.4,-2.08,1
1/5/2025 19:00,1.07,1.16,2.39,47.6,229.3,6.97,27.7,-0.16,0
1/5/2025 19:15,2.98,1.87,1,72.8,232.1,5,28.4,3.85,1
1/5/2025 19:30,1.77,1.51,3.65,82.7,228.9,11.25,35.5,-0.37,0
1/5/2025 19:45,3.16,2.3,3.2,68.8,226.2,7.88,37.3,2.26,1
1/5/2025 20:00,0.81,1.62,1.8,70.6,232.7,5,35.3,0.63,0
1/5/2025 20:15,0.98,0.99,1.82,61,232.3,5,26.7,0.14,0
1/5/2025 20:30,3.46,2.26,4.97,86.5,233.9,15.42,25.7,0.75,0
1/5/2025 20:45,1.6,0,5.66,72,229.1,16.11,35.2,-4.06,1
1/5/2025 21:00,2.07,2.15,1.99,87.1,231.7,5.53,31.1,2.23,1
1/5/2025 21:15,3.91,1.91,4.43,66.5,236.4,13.15,31.3,1.38,1
1/5/2025 21:30,4.23,1.44,2.83,64.9,222.6,9.35,41.1,2.84,1
1/5/2025 21:45,2.2,1.39,4.32,100,230,12.77,37.7,-0.73,0
1/5/2025 22:00,0.46,1.52,1.68,65.5,227.3,5,28.2,0.3,0
1/5/2025 22:15,2.79,1.41,3.8,75.3,231.7,11.56,24.3,0.4,0
1/5/2025 22:30,2.23,1.97,5.16,51,230.6,14.47,32.3,-0.96,0
1/5/2025 22:45,1.85,1.37,4.92,72.3,225.9,14.83,32.7,-1.7,1
1/5/2025 23:00,3.2,0.78,3.72,84.1,226.9,11.25,26.9,0.26,0
1/5/2025 23:15,3.49,1.97,3.83,85.1,227.7,11.63,32.1,1.63,1
1/5/2025 23:30,3.06,1.3,2.15,92,228.9,6.27,31.4,2.21,1
1/5/2025 23:45,2.59,0.24,3.42,67.7,230.6,11.1,29.3,-0.58,0
1/6/2025 0:00,1.36,1.89,4.67,68.4,230.3,13.98,30.8,-1.43,1
1/6/2025 0:15,2.71,1.15,4.69,58.6,227.1,15.36,33.3,-0.83,0
1/6/2025 0:30,3.01,2.08,3.8,67.1,228.1,12.82,32.9,1.3,1
1/6/2025 0:45,2.04,2.59,5.75,72.6,235.1,17.44,31.4,-1.12,1
1/6/2025 1:00,2.74,1.35,4.79,86.3,227.4,15.98,27.2,-0.71,0
1/6/2025 1:15,2.99,1.18,1.32,68.1,226.5,5.35,38.2,2.85,1
1/6/2025 1:30,2.22,1.92,1.97,89,223.5,6.47,29,2.18,1
1/6/2025 1:45,4.28,1.85,5.38,89.4,231.9,17.85,26.3,0.74,0
1/6/2025 2:00,1.66,0.97,2.65,72.7,222.6,8.73,35.9,-0.02,0
1/6/2025 2:15,0.79,2.3,3.02,53.5,229.1,8.23,29.4,0.07,0
1/6/2025 2:30,3.54,1.22,1.66,79.3,228.2,5.48,35.4,3.09,1
1/6/2025 2:45,2.25,0.33,2.72,80.1,224.4,7.85,35.6,-0.13,0
1/6/2025 3:00,1.96,1.53,3.45,65.9,230.1,9.86,31.3,0.05,0
1/6/2025 3:15,2.37,0.8,4.5,74.6,233.7,12.77,31.1,-1.33,1
1/6/2025 3:30,4.03,0.4,4.7,79.5,228.8,14.87,34.8,-0.27,0
1/6/2025 3:45,3.48,1.55,0.91,80.4,228.1,5,27.3,4.12,1
1/6/2025 4:00,1.67,1.57,5.87,88.9,229.6,17.56,37.9,-2.63,1
1/6/2025 4:15,2.54,1.43,3.75,74,227,13.92,36.8,0.23,0
1/6/2025 4:30,2.41,1.18,3.15,82.1,230.6,10.2,31.5,0.43,0
1/6/2025 4:45,3.64,0.13,3.95,67.8,222.5,12.37,34.5,-0.17,0
1/6/2025 5:00,0.74,1.68,4.14,89.1,229.1,12.86,29.9,-1.72,1
1/6/2025 5:15,2.29,0.6,3.04,59.4,231.9,9.39,30.1,-0.16,0
1/6/2025 5:30,3.24,1.62,3.95,62.8,232.6,11.17,24.8,0.91,0
1/6/2025 5:45,1.87,1.19,2.3,81.6,228.7,8.13,32.8,0.75,0
1/6/2025 6:00,2.86,0.66,3.79,84.7,232.7,11.04,39.1,-0.27,0
1/6/2025 6:15,1.49,2.98,1.1,74.6,236.7,5,25.5,3.37,1
1/6/2025 6:30,1.96,1.57,3.13,70.8,228.2,9.13,32.6,0.4,0
1/6/2025 6:45,2.66,0.53,1.55,75.8,225.7,5,37.6,1.65,1
1/6/2025 7:00,1.48,2.16,2.14,81.5,228.9,5,30.5,1.5,1
1/6/2025 7:15,3.12,2.51,3.79,78.3,232.4,9.3,41,1.84,1
1/6/2025 7:30,1.66,1.13,4.14,72.3,231.6,9.97,25.7,-1.35,1
1/6/2025 7:45,2.17,0.78,3.99,81.5,225.8,12.38,20,-1.04,1
1/6/2025 8:00,3.14,1.15,4.3,54.7,227.5,13.84,35,-0.01,0
1/6/2025 8:15,4.3,0,3.51,74.8,228.6,9.1,28.1,0.79,0
1/6/2025 8:30,1.74,1.88,3.65,63.9,227,12.7,37.1,-0.03,0
1/6/2025 8:45,2.66,0.07,4.63,65.5,235.8,14.92,32.9,-1.91,1
1/6/2025 9:00,2.53,1.09,3.96,76.2,225.9,10.69,35,-0.34,0
1/6/2025 9:15,1.36,2.02,3.46,75.3,229.4,12.64,31.8,-0.08,0
1/6/2025 9:30,2.17,2.66,3.32,81.8,228.1,9.93,29.7,1.51,1
1/6/2025 9:45,3.02,1.09,3.43,82.3,232.2,10.62,31.3,0.67,0
1/6/2025 10:00,3.09,0.6,0.5,61.3,230,5,31.7,3.19,1
1/6/2025 10:15,3.78,0.97,2.32,92.3,228.9,6.93,32.6,2.43,1
1/6/2025 10:30,3.93,1.69,2.93,73.4,229.6,8.08,32.3,2.69,1
1/6/2025 10:45,2.77,1.04,4.36,69.6,232.7,12.81,33.7,-0.55,0
1/6/2025 11:00,3.85,1.67,2.58,79.7,227.8,6.45,24.7,2.94,1
1/6/2025 11:15,0.74,1.94,3.16,70.2,235.7,7.55,36.6,-0.47,0
1/6/2025 11:30,2.38,1.62,6.19,70.5,233.3,19.91,28.2,-2.19,1
1/6/2025 11:45,1.41,1.69,0.89,86.3,231.3,5,32.4,2.2,1
1/6/2025 12:00,3.22,2.79,3.47,93.8,232.4,11.63,30.2,2.54,1
1/6/2025 12:15,2.49,1.71,0.66,79,227.3,5,27.6,3.54,1
1/6/2025 12:30,1.03,2.41,3.5,54.9,223,10.12,34.9,-0.06,0
1/6/2025 12:45,4.21,0.45,3.48,72.6,229.8,10.95,33.4,1.17,1
1/6/2025 13:00,0.93,1.94,7,75.4,225.3,19.95,31,-4.14,1
1/6/2025 13:15,2.58,1.19,3.33,71.7,231,10.38,35,0.44,0
1/6/2025 13:30,2.07,1.97,3.12,78.3,234.2,10.58,34,0.91,0
1/6/2025 13:45,2.11,1.51,4.96,76.2,227.1,14.72,31.2,-1.34,1
1/6/2025 14:00,2.1,0,3.66,62.8,229.1,12.17,27.9,-1.56,1
1/6/2025 14:15,3.52,1.96,5.42,53.4,230.8,15.36,35.3,0.06,0
1/6/2025 14:30,3.07,3.16,4.6,79.4,233.1,16.46,27.6,1.63,1
1/6/2025 14:45,0.51,1.17,2.59,72.9,229.4,8.32,27.7,-0.91,0
1/6/2025 15:00,1.1,2.61,4.17,71.8,230,10.81,29.1,-0.46,0
1/6/2025 15:15,3.95,1.77,4.44,70.4,230,12.89,31.1,1.28,1
1/6/2025 15:30,2.72,1.71,2,72.5,229.4,7.95,28.2,2.43,1
1/6/2025 15:45,3.74,1.8,2.94,91.3,228.8,8.87,37.3,2.61,1
1/6/2025 16:00,1.85,2.1,1.26,59.7,225.9,5,32.9,2.69,1
1/6/2025 16:15,3.72,1.64,2.12,77.8,230.3,5,25.3,3.24,1
1/6/2025 16:30,2.18,1.15,1.8,62.2,235.6,5.66,39.6,1.53,1
1/6/2025 16:45,1.53,2.11,1.27,65.7,222.7,5,33.9,2.37,1
1/6/2025 17:00,3.71,2.82,3.92,73.4,235.9,13.02,41.9,2.61,1
1/6/2025 17:15,2.77,1,4.62,83.3,238.4,13.18,33.2,-0.85,0
1/6/2025 17:30,5,1.62,0.56,72.6,225.4,5,27.5,6.06,1
1/6/2025 17:45,1.57,1.47,3.9,59.6,230.8,13.38,30.8,-0.87,0
1/6/2025 18:00,3.45,1.56,1.98,69.3,228.4,6.22,32.8,3.03,1
1/6/2025 18:15,3.63,1.53,4.07,81.7,229,13,27.8,1.09,1
1/6/2025 18:30,3.87,0.58,2.36,69.9,230.1,8.61,32.4,2.08,1
1/6/2025 18:45,2.57,0.42,2.96,74.5,230.5,7.69,35.1,0.04,0
1/6/2025 19:00,2.6,1.58,4.65,63.5,238.4,13.99,30.8,-0.47,0
1/6/2025 19:15,2.22,1.17,3.17,76.7,232.1,10.15,26.2,0.22,0
1/6/2025 19:30,1.7,2.4,3.9,85.4,223.8,11.46,34.2,0.2,0
1/6/2025 19:45,4.15,0,4.06,61,228.6,13.09,33.2,0.09,0
1/6/2025 20:00,4.11,1.54,3.83,73.6,232.8,12.75,32.2,1.82,1
1/6/2025 20:15,2.69,0.95,3.97,58.8,235.9,12.44,29.3,-0.33,0
1/6/2025 20:30,0.65,2.09,5.16,75.7,231.2,15.72,30.1,-2.41,1
1/6/2025 20:45,3.43,1.08,3.35,81.9,231.3,11.07,32.8,1.16,1
1/6/2025 21:00,1.18,1.73,2.07,59.3,232.8,5,30.2,0.84,0
1/6/2025 21:15,1.75,1.71,1.96,67.1,230.5,5.66,28.6,1.5,1
1/6/2025 21:30,1.87,0.72,4.13,63.5,233.1,11.62,28.9,-1.53,1
1/6/2025 21:45,2.35,0.88,2.97,74.5,229.1,9.75,34.5,0.26,0
1/6/2025 22:00,1.64,0.71,1.26,78.4,232.4,5,36.5,1.09,1
1/6/2025 22:15,2.01,0.93,5.39,76.9,225.6,17.29,39,-2.45,1
1/6/2025 22:30,3.76,1.38,3.44,69.4,227.3,11.11,28,1.7,1
1/6/2025 22:45,1.35,0.75,4.44,95,234.2,10.39,29.8,-2.34,1
1/6/2025 23:00,2.11,1.28,3.18,91,232,9.24,33.4,0.21,0
1/6/2025 23:15,1.81,0,3.41,83.5,224.7,9.81,32.4,-1.6,1
1/6/2025 23:30,2.68,1.42,2.79,82.9,231,10.48,33.4,1.31,1
1/6/2025 23:45,2.39,1.84,2.65,85.7,227.6,6.25,32.1,1.58,1
1/7/2025 0:00,0.58,0.97,3.37,53.2,233.3,9.59,26.3,-1.82,1
1/7/2025 0:15,2.77,2.85,4.33,58.6,230.5,13.18,37.8,1.29,1
1/7/2025 0:30,3.82,0.48,4.7,75.8,231.5,15.3,32.7,-0.41,0
1/7/2025 0:45,3.01,1.26,3.51,100,235.5,10.24,31.9,0.76,0
1/7/2025 1:00,3.58,1.72,4.54,66.7,226.3,15.05,24.1,0.76,0
1/7/2025 1:15,2.77,2.25,3.92,88.8,226.9,14.61,28.6,1.09,1
1/7/2025 1:30,1.84,0.95,4.84,74.9,229.4,13.73,30.8,-2.05,1
1/7/2025 1:45,3.11,0.75,3.3,74.9,234.4,10.85,29.2,0.56,0
1/7/2025 2:00,1.96,1.48,1.91,65.5,230.3,6.64,28.2,1.53,1
1/7/2025 2:15,2.85,1.76,1.13,74,232.3,5,38.7,3.48,1
1/7/2025 2:30,1.88,1.29,0.81,57.8,226.1,5,26.2,2.36,1
1/7/2025 2:45,2.3,1.55,2.62,78.9,227.7,8.27,25.5,1.23,1
1/7/2025 3:00,3.32,1.46,3.63,78.8,232.3,11.1,24.3,1.14,1
1/7/2025 3:15,3.09,1.15,4.62,82.1,231.5,14.61,31.6,-0.38,0
1/7/2025 3:30,2.65,1.22,3.87,62,230.6,11.72,31.3,0.01,0
1/7/2025 3:45,3.85,2.49,2.44,87.4,228.4,6.72,27.9,3.89,1
1/7/2025 4:00,4.24,0.82,2.34,87,230.6,8.68,37.9,2.72,1
1/7/2025 4:15,2.13,1.6,2.12,84.2,233.8,5.15,28.6,1.61,1
1/7/2025 4:30,0.7,2.39,0.5,82.9,237.7,5,29.8,2.59,1
1/7/2025 4:45,2.61,1.32,1.97,93.9,228.4,5.32,33.2,1.96,1
1/7/2025 5:00,3.25,1.65,4.52,69.2,233.3,13.55,36.9,0.37,0
1/7/2025 5:15,3.94,1.45,2.05,54.3,232.9,5,24.7,3.35,1
1/7/2025 5:30,3.38,2.16,5.86,64.3,230.3,16.82,37.2,-0.31,0
1/7/2025 5:45,2.18,1.73,5.27,66.3,229.9,15.11,33.2,-1.36,1
1/7/2025 6:00,0.72,1.04,2.58,72.1,228.6,6.67,28.1,-0.82,0
1/7/2025 6:15,2.3,0.55,1.89,76.6,225.6,6.32,28.4,0.96,0
1/7/2025 6:30,1.51,0.96,3.49,82.2,227.2,10,36.5,-1.03,1
1/7/2025 6:45,2.1,2.46,4.34,61.7,235.8,12.37,35.3,0.21,0
1/7/2025 7:00,1.57,1.25,3.51,69.9,228.5,8.64,30.1,-0.7,0
1/7/2025 7:15,1.51,1.1,3.62,67.9,227.4,11.67,28.7,-1.01,1
1/7/2025 7:30,2.49,2.18,1.51,70.7,233.4,5.54,25.9,3.16,1
1/7/2025 7:45,4.07,2.15,4.11,72.8,230.2,12.45,27.3,2.11,1
1/7/2025 8:00,3.12,1.37,5.82,90.2,224.7,17.8,30.9,-1.33,1
1/7/2025 8:15,2.52,1.91,5.15,77,230.6,16.94,34.9,-0.72,0
1/7/2025 8:30,1.48,1.88,3.55,75.8,232.5,8.75,34.2,-0.19,0
1/7/2025 8:45,2.26,1.85,2.93,64.9,225.1,7.43,30.3,1.19,1
1/7/2025 9:00,3.21,1.44,5.2,69.4,232.3,14.28,31.9,-0.54,0
1/7/2025 9:15,2.66,0.43,2.87,65,232.3,6.63,35.4,0.23,0
1/7/2025 9:30,3.01,0.59,5.25,82.4,230.2,12.97,33.8,-1.66,1
1/7/2025 9:45,3.74,0.38,3.92,84.4,233.6,13.1,27.6,0.21,0
1/7/2025 10:00,2.45,2.53,2.57,78.7,232,7.17,32.5,2.41,1
1/7/2025 10:15,2.58,2.46,4.16,78.7,222.5,13.05,27.4,0.89,0
1/7/2025 10:30,3.09,0.58,4.93,89.9,230,13.69,32.1,-1.26,1
1/7/2025 10:45,4.71,1.75,3.64,79.5,229.1,10.31,31.8,2.82,1
1/7/2025 11:00,2.41,0.81,4.75,64.9,227.5,13.72,32.1,-1.54,1
1/7/2025 11:15,1.97,1.45,4.39,68.2,230.6,12.07,31.9,-0.98,0
1/7/2025 11:30,2.05,1.72,2.63,67.7,226,9.1,37.6,1.15,1
1/7/2025 11:45,2.33,1.48,4.32,80.5,230.2,12.68,29.7,-0.51,0
1/7/2025 12:00,1.29,0.84,3.52,87.8,225.5,12.02,38.8,-1.39,1
1/7/2025 12:15,2.39,1.52,1.83,70.7,229.1,6.2,33.4,2.07,1
1/7/2025 12:30,3.02,1.69,4.2,69.2,236,12.97,32.9,0.51,0
1/7/2025 12:45,5,0.76,4.21,88.3,232.2,10.71,27.5,1.55,1
1/7/2025 13:00,1.96,0.97,4.37,81.9,232.6,13.41,30.9,-1.43,1
1/7/2025 13:15,3.35,1.99,0.53,69.8,230,5,33,4.81,1
1/7/2025 13:30,4.2,0,3.75,92.8,225.9,11.85,35.2,0.45,0
1/7/2025 13:45,2.1,1.45,3.67,60.5,230.7,9.37,29.7,-0.11,0
1/7/2025 14:00,2.1,2.24,4.01,68,233.4,10,32.6,0.33,0
1/7/2025 14:15,2,0.39,4.03,84.3,227.6,10.85,31.5,-1.64,1
1/7/2025 14:30,1.85,1.38,2.6,75.8,229.1,9.2,35.2,0.63,0
1/7/2025 14:45,1.86,0.93,3.43,64.7,227.5,10.41,28.9,-0.64,0
1/7/2025 15:00,2.94,1.49,4.65,92,230.6,13.25,22.7,-0.22,0
1/7/2025 15:15,2.77,1.95,3.19,68.6,232.5,7.13,38.3,1.53,1
1/7/2025 15:30,1.59,1.48,4.03,60.9,226.5,11.1,33.8,-0.95,0
1/7/2025 15:45,1.79,1.66,2.35,87.9,232.3,5.4,36.7,1.1,1
1/7/2025 16:00,3.77,1.29,4.06,77.5,230.4,12.17,36,1,0
1/7/2025 16:15,2.03,1.6,3.12,82.2,230.2,9.5,25.7,0.51,0
1/7/2025 16:30,3.77,1.58,1.5,89.2,225.6,5,27.5,3.85,1
1/7/2025 16:45,0.97,1.85,4.32,55.7,222.6,13.41,32.5,-1.5,1
1/7/2025 17:00,3.65,0.84,4.01,85.7,229.3,11.13,33.7,0.48,0
1/7/2025 17:15,3.19,0.38,4.64,70.9,232.9,13.72,27.8,-1.06,1
1/7/2025 17:30,3.39,0.14,2.29,78.3,226.6,7.57,34.2,1.24,1
1/7/2025 17:45,2.63,1.66,3.73,69.2,234,11.95,33.3,0.56,0
1/7/2025 18:00,4.43,2.19,4.25,78.5,226,13.31,28.1,2.37,1
1/7/2025 18:15,2.94,2.11,3,67.2,233.5,8.62,34,2.05,1
1/7/2025 18:30,3.02,0.55,4.18,91.1,230.3,14.04,36.7,-0.6,0
1/7/2025 18:45,2.51,1.32,1.9,84.5,230.1,5.93,34.3,1.94,1
1/7/2025 19:00,4.24,1.01,2.63,62.5,233.1,7.1,35.8,2.63,1
1/7/2025 19:15,1.64,2.82,2.21,55,227.7,5.71,27.4,2.25,1
1/7/2025 19:30,2.31,1.92,0.5,75.7,237.2,5,28.3,3.72,1
1/7/2025 19:45,0.82,1.27,4.34,70.1,231.6,11.42,24.8,-2.25,1
1/7/2025 20:00,3.57,2.07,1.87,72.1,228.1,5.18,27,3.78,1
1/7/2025 20:15,3.01,1.44,3.16,72.6,234.3,9.26,41.5,1.29,1
1/7/2025 20:30,0.4,0,2.7,55.6,230.6,8.11,28.8,-2.3,1
1/7/2025 20:45,2.63,0.86,2.23,82.9,228.6,6.14,27.5,1.27,1
1/7/2025 21:00,2.48,0.99,4.71,86.4,225.5,14.93,33.7,-1.25,1
1/7/2025 21:15,3.18,1.7,2.59,54.8,230,8.42,29.9,2.29,1
1/7/2025 21:30,3.15,1.39,2.88,81.4,230,8.15,33.1,1.66,1
1/7/2025 21:45,2.57,1.62,3.65,76.7,228.7,9.98,37.6,0.55,0
1/7/2025 22:00,2.51,2.78,3.56,69,236.7,10.26,33.2,1.73,1
1/7/2025 22:15,2.76,0.67,2.78,90.1,228.8,8.34,31.1,0.65,0
1/7/2025 22:30,2.93,0.96,3.66,88.2,236.3,11.18,37.3,0.23,0
1/7/2025 22:45,1.1,0.29,3.59,77.1,230.1,10.94,38.1,-2.21,1
1/7/2025 23:00,3.47,1.07,2.54,87,232.2,8.89,32.2,2,1
1/7/2025 23:15,3.5,1.15,3.72,83.5,229.4,10.67,37,0.93,0
1/7/2025 23:30,1.7,1.88,4.48,80.3,231.1,12.3,39.1,-0.9,0
1/7/2025 23:45,1.16,2.04,1.63,90.7,233.6,5,29.9,1.57,1
1/8/2025 0:00,3.42,2.17,2.23,78.6,229.7,6.87,29,3.36,1
1/8/2025 0:15,1.96,0.86,1.4,84.9,226.3,5,35.5,1.42,1
1/8/2025 0:30,2.08,1.31,2.71,87.3,225.8,8.71,37.1,0.68,0
1/8/2025 0:45,2.93,1.59,3.18,84.5,232.5,9.43,34.1,1.34,1
1/8/2025 1:00,2.92,0.87,3.4,81,229.4,11.54,28.2,0.39,0
1/8/2025 1:15,0,1.72,3.09,64.6,230.1,9.4,36.7,-1.37,1
1/8/2025 1:30,1.21,0.36,2.96,64.1,232.3,8.25,31.3,-1.39,1
1/8/2025 1:45,1.9,1.04,5.5,70.5,235.8,16.61,32.1,-2.55,1
1/8/2025 2:00,4.02,0.92,2.47,77.7,229.5,6.82,35.9,2.46,1
1/8/2025 2:15,1.29,2.47,4.91,82.9,235.4,14.97,31.2,-1.16,1
1/8/2025 2:30,2.63,1.07,4.69,73.9,224,14,33,-0.99,0
1/8/2025 2:45,4.25,2.3,3.85,81.1,231.3,12.1,29.2,2.69,1
1/8/2025 3:00,3.09,1.83,4.79,76.3,231.7,12.97,34.8,0.13,0
1/8/2025 3:15,2.77,1.16,3.02,86.4,227,8.19,31.9,0.92,0
1/8/2025 3:30,1.63,1.41,4.11,67.9,235.1,9.64,35.7,-1.07,1
1/8/2025 3:45,3.69,2.02,4.6,74.2,230,12.77,33.3,1.12,1
1/8/2025 4:00,0.8,1.01,4.52,81.7,233.7,13.85,33.7,-2.71,1
1/8/2025 4:15,0.82,0.18,3.56,68.8,226.5,10.93,34.8,-2.56,1
1/8/2025 4:30,1.63,2.03,2.9,73.6,228.2,8.89,27.9,0.76,0
1/8/2025 4:45,2.6,0,2.8,75.3,235.3,7.66,27.2,-0.2,0
1/8/2025 5:00,2.64,0.92,1.26,75.8,228.7,5,34.5,2.3,1
1/8/2025 5:15,2.04,2.17,2.8,85.5,231.1,6.91,33.2,1.41,1
1/8/2025 5:30,1.39,2.37,4.62,84.5,229.3,14.67,39,-0.86,0
1/8/2025 5:45,2.42,2.88,6.31,71.4,229.3,19.2,31.6,-1.02,1
1/8/2025 6:00,2.53,2.37,4.24,50.8,231.2,14.43,28.6,0.66,0
1/8/2025 6:15,3.72,0.74,3.22,84.3,230.1,10.98,33.4,1.25,1
1/8/2025 6:30,1.86,1.87,1.96,86.8,235.4,5,37.5,1.77,1
1/8/2025 6:45,3.06,1.89,2.4,95.1,228.5,5.93,33.4,2.55,1
1/8/2025 7:00,4.36,2.06,3.91,78.6,228.2,10.73,31.2,2.51,1
1/8/2025 7:15,2.82,0.21,1.94,83.9,235.6,5,29.5,1.1,1
1/8/2025 7:30,1.5,0.72,3.87,76.7,227.4,12.31,36,-1.65,1
1/8/2025 7:45,1.23,1.64,2.1,63.8,231.8,6.94,27.9,0.78,0
1/8/2025 8:00,1.91,2.1,2.39,84.3,230.6,7,44.6,1.61,1
1/8/2025 8:15,2.43,1.58,3.71,61.3,230.5,10.34,27.7,0.3,0
1/8/2025 8:30,2.74,2.89,3.61,74.5,223.7,11.89,33.8,2.02,1
1/8/2025 8:45,2.17,1.12,3.7,75.7,233.1,11.6,35.4,-0.4,0
1/8/2025 9:00,2.09,0.57,2.67,85.1,229.9,6.27,34.6,-0.01,0
1/8/2025 9:15,0.95,0.73,4.82,59.4,225.2,15.57,36.7,-3.14,1
1/8/2025 9:30,2.4,1.42,3.54,83.2,236.6,9.85,28.8,0.29,0
1/8/2025 9:45,2.5,2.37,2.49,53,226.9,6.56,34.8,2.37,1
1/8/2025 10:00,3.18,2.53,3.67,75.6,235.1,9.01,28.2,2.05,1
1/8/2025 10:15,2,2.17,2.31,83.4,233.5,7.96,30.4,1.86,1
1/8/2025 10:30,2.81,2.01,4.34,71,233.3,12.85,29.9,0.48,0
1/8/2025 10:45,2.46,1.31,2.33,73.7,235.1,6.72,33.9,1.43,1
1/8/2025 11:00,2.38,1.32,2.26,73.4,232.5,7.53,29.3,1.44,1
1/8/2025 11:15,3.44,0.79,2.8,71,228.5,6.9,34.1,1.44,1
1/8/2025 11:30,2.15,1.83,3.67,91.4,235.2,10.62,30.3,0.31,0
1/8/2025 11:45,2.14,2.01,3.78,84.2,228,10.58,24.4,0.37,0
1/8/2025 12:00,3.68,1.48,3.48,90.4,231.4,9.58,25.2,1.68,1
1/8/2025 12:15,4.56,1.92,4.36,68.9,226.4,13.51,26,2.13,1
1/8/2025 12:30,0.31,1.91,1.51,92.5,227.5,5.41,33.9,0.71,0
1/8/2025 12:45,2.65,0.3,3.16,77.2,226.1,11.45,33.9,-0.21,0
1/8/2025 13:00,1.93,1.52,3.73,78.2,231.9,10.56,36.5,-0.27,0
1/8/2025 13:15,3.07,1.01,3.81,89.5,226.4,12,28.8,0.26,0
1/8/2025 13:30,1.91,1.3,3.75,91.4,228.2,11.44,31.8,-0.54,0
1/8/2025 13:45,3.25,2,3.63,72.4,236.7,10.69,36,1.63,1
1/8/2025 14:00,2.29,1.14,2.48,64.3,230,7.96,34.9,0.95,0
1/8/2025 14:15,1.11,2.37,5.05,63.4,228.6,15.31,34,-1.57,1
1/8/2025 14:30,3.65,1.17,1.45,55.5,227.7,5.22,34.1,3.38,1
1/8/2025 14:45,2.39,1.68,5.51,78.5,224.3,16.96,37.7,-1.44,1
1/8/2025 15:00,1.62,0.61,4.35,73.5,236,12.76,23.3,-2.12,1
1/8/2025 15:15,3.93,1.55,3.61,84.8,227.5,10.92,29.1,1.87,1
1/8/2025 15:30,3.01,1.56,3.17,73.3,230.6,9.48,35.8,1.4,1
1/8/2025 15:45,2.2,1.49,5.15,77.3,231.3,14.88,43.9,-1.45,1
1/8/2025 16:00,2.77,1.87,0.5,91.8,231.7,5,32.5,4.14,1
1/8/2025 16:15,3.51,1.3,3.18,78,231.3,7.52,27.1,1.63,1
1/8/2025 16:30,3.24,1.93,3.88,66.1,233.5,11.47,27.4,1.3,1
1/8/2025 16:45,3.46,1.33,2.91,76.3,228.7,8.6,29.4,1.89,1
1/8/2025 17:00,2.5,0,1.39,78.1,226.6,5,30,1.11,1
1/8/2025 17:15,4.12,0.92,3.26,75.6,238.6,9.04,32.8,1.78,1
1/8/2025 17:30,1.05,1.94,2.78,72.1,230.5,6.63,34.9,0.21,0
1/8/2025 17:45,1.16,0.52,3.56,71.1,226.5,10.56,41.8,-1.88,1
1/8/2025 18:00,1.3,1.87,3.1,68.7,227.7,9.44,35.4,0.07,0
1/8/2025 18:15,4.11,1.29,2.35,68,233.2,6.36,36.4,3.04,1
1/8/2025 18:30,2.14,0.58,1.74,70.1,232,6.07,25.7,0.98,0
1/8/2025 18:45,2.8,3.08,2.6,72.8,232.7,7.43,26.5,3.27,1
1/8/2025 19:00,2.05,1.11,2.32,67.2,236.5,7.26,34.3,0.85,0
1/8/2025 19:15,0.82,1.85,4.59,91.9,225.6,12.69,32.8,-1.93,1
1/8/2025 19:30,1.98,0.66,3.75,82.8,226.4,12.24,35.8,-1.11,1
1/8/2025 19:45,2.52,0.75,3.65,97.4,229.2,11.27,30.2,-0.38,0
1/8/2025 20:00,3.03,2.16,2.57,71.5,226.9,9.57,29.6,2.63,1
1/8/2025 20:15,3.04,1.23,4.83,68.5,229.8,14,29.1,-0.56,0
1/8/2025 20:30,2.39,2.5,2.29,79.5,231.4,7.59,32.1,2.59,1
1/8/2025 20:45,3.41,1.68,2.36,52.8,235,7.46,35.9,2.72,1
1/8/2025 21:00,2.56,0.77,2.68,75,229.6,8.94,32.3,0.65,0
1/8/2025 21:15,1.94,1.65,2.74,66.6,225.9,9.17,37.4,0.85,0
1/8/2025 21:30,3.23,2.34,2.57,86.1,229.4,7.68,29.2,3,1
1/8/2025 21:45,1.4,1.33,2.73,73,229.6,8.29,27.4,0,0
1/8/2025 22:00,1.84,2.04,5.51,83.2,227.4,19.01,36.2,-1.63,1
1/8/2025 22:15,3.07,2.36,6.55,66.7,232.7,20.05,35.6,-1.12,1
1/8/2025 22:30,3.55,1.12,2.26,68.7,234.9,7.07,34.6,2.41,1
1/8/2025 22:45,3.5,0.55,4.2,89,229.1,12.86,30.5,-0.14,0
1/8/2025 23:00,3.38,1.22,2.98,53.2,230,8.72,29.5,1.62,1
1/8/2025 23:15,2.88,1.95,4.08,74.7,229.4,12.52,29.9,0.75,0
1/8/2025 23:30,2.42,2.39,4.04,75.2,227,11.78,29.8,0.77,0
1/8/2025 23:45,3.38,0.71,3.81,98,224.4,10.46,37,0.28,0
1/9/2025 0:00,2.09,0.74,4.5,83.4,230.1,13.51,36,-1.67,1
1/9/2025 0:15,2.1,0.59,3.02,66.8,228.4,8.7,36.9,-0.33,0
1/9/2025 0:30,1.82,1.53,2.72,55,232.9,7.33,37.1,0.63,0
1/9/2025 0:45,2.71,0.44,2.66,81.8,230.6,7.01,29.9,0.49,0
1/9/2025 1:00,2.85,1.87,1.56,83.8,229.2,5,29.4,3.16,1
1/9/2025 1:15,1.95,0.86,2.04,91.2,225.8,6.75,31.4,0.77,0
1/9/2025 1:30,3.05,2.24,3.67,76,229.4,10.98,25.6,1.62,1
1/9/2025 1:45,0.48,1.28,3.75,83.5,233.3,10.49,32.6,-1.99,1
1/9/2025 2:00,1.96,1,4.11,68.2,230.4,12.56,33.4,-1.16,1
1/9/2025 2:15,1.26,1.47,3.89,65.8,233.4,11.33,30.4,-1.17,1
1/9/2025 2:30,3.22,1.7,4.24,79.8,226.9,13.52,32,0.68,0
1/9/2025 2:45,1.87,1.26,4.88,60.3,233.3,16.09,31.2,-1.76,1
1/9/2025 3:00,0.72,1.6,3.83,78.5,230.8,11.86,36.7,-1.52,1
1/9/2025 3:15,1.98,1.45,2.53,70.8,230.1,6.83,37.6,0.9,0
1/9/2025 3:30,2.17,2.19,2.81,68.5,226.7,9.53,25,1.55,1
1/9/2025 3:45,1.51,2.01,3.54,65.7,230.8,10.05,34.1,-0.02,0
1/9/2025 4:00,3.98,3.03,4.32,62.3,230.8,13.08,31.9,2.69,1
1/9/2025 4:15,2.97,2.13,3.19,57,233.3,7.74,30.5,1.9,1
1/9/2025 4:30,2.45,0.97,4.8,78.6,232.2,13.24,29.3,-1.38,1
1/9/2025 4:45,2.79,0.77,3.68,66.5,230.6,10.78,31.2,-0.11,0
1/9/2025 5:00,4.41,1.59,0.88,82,233.7,5,29,5.12,1
1/9/2025 5:15,3.95,2.95,5.48,67.6,230.6,17.62,33.6,1.42,1
1/9/2025 5:30,1.94,1.6,3.14,79.7,231.3,9.62,35.1,0.4,0
1/9/2025 5:45,0.79,1.29,2.4,73.2,229.7,9.06,31.7,-0.32,0
1/9/2025 6:00,3,1.31,3.1,76.2,227.8,8.95,27.3,1.21,1
1/9/2025 6:15,1.82,0.93,6.11,91.1,232.9,18.86,35.9,-3.36,1
1/9/2025 6:30,1.64,0.84,5.8,85.1,229.7,17.26,37.7,-3.32,1
1/9/2025 6:45,1.66,2.16,2.02,62.5,230.1,7.83,29.9,1.8,1
1/9/2025 7:00,0.89,1.91,2.96,84.8,228,9.33,34.8,-0.16,0
1/9/2025 7:15,1.03,1.73,2.32,72.4,227.9,6.57,31.2,0.44,0
1/9/2025 7:30,3.18,1.84,4.48,68.6,226.6,13.02,35.1,0.53,0
1/9/2025 7:45,3.02,2.05,1.54,67.1,230.1,5.77,33.9,3.54,1
1/9/2025 8:00,2.19,1.84,4.24,64.2,229.2,11.49,30.9,-0.22,0
1/9/2025 8:15,0.68,2.36,2.12,77.5,233,5.93,32.7,0.92,0
1/9/2025 8:30,4.1,3.02,4.17,83.4,231.9,14.32,36.8,2.95,1
1/9/2025 8:45,3.77,0.85,3.29,72.1,228.4,9.13,28.1,1.32,1
1/9/2025 9:00,3.89,1.33,4.49,76.5,235.3,12.87,34.3,0.73,0
1/9/2025 9:15,2.67,2.3,2.92,64.3,227.7,8.5,29.9,2.05,1
1/9/2025 9:30,2.92,2.22,2.25,59.6,226.5,6.17,37.1,2.88,1
1/9/2025 9:45,2.99,2.07,4.69,71.7,226.7,15.88,31.7,0.38,0
1/9/2025 10:00,1.1,0.84,3,82.4,226.6,7.08,36.3,-1.06,1
1/9/2025 10:15,1.03,0.85,2.42,59.6,231.9,5.35,32.3,-0.54,0
1/9/2025 10:30,3.72,1.86,4.31,75,231.6,12.12,33.1,1.27,1
1/9/2025 10:45,0.8,0.66,3.9,78.7,232.1,13.37,36.3,-2.43,1
1/9/2025 11:00,3.33,1.84,3.88,80.5,231.8,12.52,35.1,1.28,1
1/9/2025 11:15,1.16,1.17,3.36,77.1,228.7,10.58,33.2,-1.04,1
1/9/2025 11:30,3.08,3.17,2.48,73.1,233.7,7.32,28.8,3.76,1
1/9/2025 11:45,3.79,0.96,1.86,62.5,230.2,5,25.5,2.89,1
1/9/2025 12:00,1.64,1.36,4.6,68.5,225.6,13.87,31,-1.6,1
1/9/2025 12:15,2.82,1.51,3.73,83,232.7,11.66,28,0.6,0
1/9/2025 12:30,2.28,1.86,4.73,66,231,15.67,32.8,-0.59,0
1/9/2025 12:45,1.96,1.81,2.82,89.8,228,9.45,28.4,0.94,0
1/9/2025 13:00,2.09,1.85,2.9,75.5,224.9,9.46,34.2,1.05,1
1/9/2025 13:15,2.93,0.25,3.76,62,226.4,11.73,31.8,-0.58,0
1/9/2025 13:30,2.22,1.55,3.18,48.8,232.1,9.67,35.5,0.59,0
1/9/2025 13:45,3.61,0.68,3.71,86.2,234,8.84,34.4,0.57,0
1/9/2025 14:00,3.17,2.02,3.82,64,224.4,10.83,36.9,1.36,1
1/9/2025 14:15,1.72,1.62,4.95,69,229.6,14.93,30.3,-1.61,1
1/9/2025 14:30,3.53,1.85,4.34,100,230.9,13.78,37.8,1.04,1
1/9/2025 14:45,2.39,2.01,4.31,73.4,230.7,12.63,26.3,0.1,0
1/9/2025 15:00,1.09,1.88,3.13,73,230.3,11.25,29.6,-0.15,0
1/9/2025 15:15,1.6,0.16,3.54,80.3,233.9,10.68,37.1,-1.78,1
1/9/2025 15:30,1.61,0.89,2.49,59.7,233.5,8.46,38.7,0.02,0
1/9/2025 15:45,1.88,1.93,6.34,59.6,233.1,19.57,30.9,-2.54,1
1/9/2025 16:00,1.62,2.44,1.96,81,229.7,7.41,37.2,2.1,1
1/9/2025 16:15,4.9,1.97,2.96,77.2,221.6,8.84,30.7,3.91,1
1/9/2025 16:30,1.21,0.11,2.9,73.4,227.4,8.95,30.4,-1.58,1
1/9/2025 16:45,2.88,0.45,6.39,89,229.3,19.04,34.6,-3.06,1
1/9/2025 17:00,4.35,0.59,1.75,78.8,234.3,5,30.7,3.19,1
1/9/2025 17:15,1.65,1.92,2.9,84.4,228.9,6.76,29.2,0.67,0
1/9/2025 17:30,2.97,1.8,2.07,73.4,229.7,7.72,34.1,2.7,1
1/9/2025 17:45,2.35,2.09,2.1,59.8,232.9,6.14,34.9,2.34,1
1/9/2025 18:00,3.53,0.52,3.78,74,226.1,11.56,22.3,0.28,0
1/9/2025 18:15,0.51,1.1,2.58,72,226.2,7.43,35.1,-0.97,0
1/9/2025 18:30,4.2,1.5,4.97,96.2,228.2,13.81,36.7,0.73,0
1/9/2025 18:45,1,3.28,1.59,71.1,226.8,5,40.7,2.69,1
1/9/2025 19:00,2.04,1.51,4.15,66.3,229.7,13.05,29.7,-0.61,0
1/9/2025 19:15,1.63,0.99,3.13,80.6,230.5,8.86,36,-0.52,0
1/9/2025 19:30,2.35,0.94,3.25,72.6,232.1,9.71,31.7,0.03,0
1/9/2025 19:45,2.46,1.67,0.98,66,229.2,5,26.2,3.15,1
1/9/2025 20:00,3.84,0,3.98,79.6,227.5,10.26,32.3,-0.14,0
1/9/2025 20:15,1.33,2.51,3.78,73.1,228.4,12.12,24.6,0.06,0
1/9/2025 20:30,1.77,1.92,3.45,58.1,232.4,10.69,28.9,0.24,0
1/9/2025 20:45,2.82,1.58,4.13,74,229.4,11.76,31.4,0.27,0
1/9/2025 21:00,0.76,2.08,3.46,67.4,233.7,9.29,33,-0.61,0
1/9/2025 21:15,2.62,0.91,4.52,62.9,225.4,14.23,35.7,-0.99,0
1/9/2025 21:30,2.77,1.95,4.25,87.4,228,11.51,27.6,0.47,0
1/9/2025 21:45,4.26,2.49,5.12,66.8,233.2,14.28,27.2,1.64,1
1/9/2025 22:00,1.56,1.91,6.19,73.1,229.3,16.83,35.9,-2.73,1
1/9/2025 22:15,2.66,2.23,1.02,72.6,225.6,5,37.4,3.87,1
1/9/2025 22:30,2.9,1.63,3.08,76,228.1,8.88,34.7,1.45,1
1/9/2025 22:45,2.71,1.69,4.76,70.9,228,14.15,31.8,-0.36,0
1/9/2025 23:00,4.21,2.05,3.35,79.8,223.5,10.34,32,2.91,1
1/9/2025 23:15,3.23,2.15,2.58,67.7,231.6,7.38,38.9,2.79,1
1/9/2025 23:30,2.84,2.18,4.83,59.3,229.1,13.92,29,0.2,0
1/9/2025 23:45,1.91,2.54,2.5,81.8,226.3,7.95,34.8,1.95,1
1/10/2025 0:00,4.08,2.15,4.85,87.5,226.6,12.22,34.2,1.38,1
1/10/2025 0:15,3.29,0,3.07,63.2,228.1,10.72,35.3,0.22,0
1/10/2025 0:30,3.14,1.73,4.51,76.4,227.5,13.16,29.8,0.36,0
1/10/2025 0:45,3.74,0.58,3.51,69.6,228.8,13.17,30.2,0.82,0
1/10/2025 1:00,4.62,1.07,3.94,66.4,225.6,11.93,35.3,1.75,1
1/10/2025 1:15,1.13,2.38,4.16,78.4,228.9,11.87,32.8,-0.65,0
1/10/2025 1:30,3.58,1.47,3.32,64.9,232.4,9.21,37.2,1.73,1
1/10/2025 1:45,2.67,1.55,1.42,84.8,225.9,5.04,30.3,2.8,1
1/10/2025 2:00,5,1.28,1.25,59.5,230.7,5,31.4,5.03,1
1/10/2025 2:15,3.07,1.57,2.71,83.6,231.3,7.11,30.2,1.94,1
1/10/2025 2:30,2.61,2.26,1.83,61.7,229.7,6.34,27.9,3.03,1
1/10/2025 2:45,3.4,1.65,2.49,55,232.3,8.52,27.3,2.56,1
1/10/2025 3:00,2.94,2.23,5.2,80.6,231,16.48,32.1,-0.03,0
1/10/2025 3:15,2.57,1.88,3.82,71.9,224.5,12.05,42.7,0.64,0
1/10/2025 3:30,3.33,0.2,3.55,91.7,226.9,11.29,25.2,-0.02,0
1/10/2025 3:45,1.95,1.47,4.64,67.9,229.8,15.65,35.6,-1.23,1
1/10/2025 4:00,3.66,1.21,3.93,77.9,228.6,11.75,29.4,0.94,0
1/10/2025 4:15,3.39,1.81,2.09,81.5,231.2,6.26,26.5,3.11,1
1/10/2025 4:30,2.13,1.92,3.38,82.1,233.6,10.97,28.9,0.67,0
1/10/2025 4:45,0.68,0.81,6.05,61.9,232.2,17.61,37.3,-4.56,1
1/10/2025 5:00,5,0.07,2.57,69.9,226.2,7.18,29.9,2.49,1
1/10/2025 5:15,3.54,2.88,3.94,65.5,230.4,11.5,32.1,2.48,1
1/10/2025 5:30,1.26,1.35,3.58,83,227.3,10.92,30.6,-0.97,0
1/10/2025 5:45,2.33,1.21,3.24,62,236.1,9.81,32.3,0.3,0
1/10/2025 6:00,2.22,1.49,5.08,81.1,229.3,14.91,32.7,-1.38,1
1/10/2025 6:15,4.04,1.29,4.79,81.4,228.5,14.06,33.9,0.54,0
1/10/2025 6:30,0.8,2.14,5.04,77.4,229.8,14.71,32.9,-2.11,1
1/10/2025 6:45,0.41,1.05,2.84,61.6,223.8,9.02,37.1,-1.38,1
1/10/2025 7:00,3.32,1.59,3.93,75.3,232.6,13.02,33.6,0.98,0
1/10/2025 7:15,2.73,0.88,4.04,75,231.6,12.18,31.4,-0.43,0
1/10/2025 7:30,3.24,2.01,3.03,81.5,227.4,7.88,37.6,2.22,1
1/10/2025 7:45,1.8,1.91,5.88,64.5,231.7,16.76,29.1,-2.16,1
1/10/2025 8:00,2.35,0.92,3.28,71.5,228.6,7.5,30.8,-0.01,0
1/10/2025 8:15,2.27,0.47,3.17,88,228.5,10.35,26.4,-0.42,0
1/10/2025 8:30,1.72,1.32,1.8,78,227.9,5.89,32.7,1.23,1
1/10/2025 8:45,3.19,1.79,3.11,83.5,233.2,10.56,39,1.87,1
1/10/2025 9:00,4.01,1.98,2.36,60.6,228.8,6.48,41.3,3.63,1
1/10/2025 9:15,2.31,0.78,4.77,70.9,232.3,14.34,34.7,-1.68,1
1/10/2025 9:30,3.37,1.45,2,88.2,229.4,5,36.9,2.82,1
1/10/2025 9:45,1.91,2.08,2.71,78,230.2,9.6,31.5,1.28,1
1/10/2025 10:00,1.98,2.04,6.51,84.7,231.5,18.85,24.7,-2.49,1
1/10/2025 10:15,2.58,0.97,4.59,77.8,231.5,11.98,36.4,-1.03,1
1/10/2025 10:30,0.63,2.29,2.38,71.6,231.7,7.17,31.9,0.54,0
1/10/2025 10:45,3.76,2.22,2.76,71.3,226.6,8.6,39,3.23,1
1/10/2025 11:00,1.64,1.17,3.46,77.3,228.4,10.83,30.8,-0.66,0
1/10/2025 11:15,3.73,2.22,4.19,69.8,232.5,11.54,28.5,1.76,1
1/10/2025 11:30,2.6,0.97,4.61,74.7,231.2,14.53,39.3,-1.04,1
1/10/2025 11:45,1.54,1.18,1.88,86.8,233,6,33.4,0.84,0
1/10/2025 12:00,1.68,1.28,3.45,58.7,230.7,9.61,31.3,-0.48,0
1/10/2025 12:15,3.7,1,3.62,83.7,230.6,12.24,30.8,1.07,1
1/10/2025 12:30,1.67,1.62,3.71,64.2,230,8.53,31,-0.42,0
1/10/2025 12:45,2.7,0.78,2.38,74.5,233.3,7.72,35,1.1,1
1/10/2025 13:00,3.17,1.22,4.6,82.7,229.3,13.02,32.1,-0.21,0
1/10/2025 13:15,2.35,1.17,2.09,77.4,230.8,5.88,35.2,1.43,1
1/10/2025 13:30,1.85,2.76,3.63,78,231.3,10.96,38,0.99,0
1/10/2025 13:45,1.85,2.03,1.81,63.1,228.9,5,32.2,2.07,1
1/10/2025 14:00,2.34,1.56,4.68,100,229.2,13.48,34,-0.77,0
1/10/2025 14:15,1.37,1.5,2.08,68.8,231.1,7.34,25.9,0.78,0
1/10/2025 14:30,2.2,2.16,2.69,70.6,228.1,7.48,25.1,1.67,1
1/10/2025 14:45,1.26,1.38,4.51,65.3,227.1,13.16,28,-1.87,1
1/10/2025 15:00,4.11,1.72,3.16,64.4,224.4,10.14,27.9,2.67,1
1/10/2025 15:15,3.89,1.76,1.4,70.3,230.6,5,35.1,4.25,1
1/10/2025 15:30,2.97,0.8,3.7,61.3,228.6,11.58,28.7,0.08,0
1/10/2025 15:45,2.16,1.68,3.42,75.2,229,9.19,25.7,0.42,0
1/10/2025 16:00,1.89,1.89,2.84,92.6,229.3,7.51,32.7,0.94,0
1/10/2025 16:15,1.37,1.26,4.47,83.7,231.8,13.67,27.2,-1.85,1
1/10/2025 16:30,2.41,1.62,4.48,66,226.9,12.73,31.2,-0.45,0
1/10/2025 16:45,1.8,1.88,1.09,84.6,232.8,5,23,2.58,1
1/10/2025 17:00,1.76,0.7,2.9,74.9,223,8.06,40.6,-0.44,0
1/10/2025 17:15,2.75,1.35,4.17,68.9,231,10.62,30.5,-0.07,0
1/10/2025 17:30,2.71,2.05,2.92,85,227.5,9.03,40.1,1.84,1
1/10/2025 17:45,4.29,1.62,2.83,80.9,225.5,6.66,31.8,3.08,1
1/10/2025 18:00,2.79,0.38,3.68,67.1,229.6,11.43,35.4,-0.51,0
1/10/2025 18:15,2.95,2.26,3.98,82.8,227.6,11.28,33.6,1.23,1
1/10/2025 18:30,2.97,1.45,4.06,64.9,230.8,13.56,34.1,0.36,0
1/10/2025 18:45,2.22,1.07,3.25,73.4,232.1,8.28,33.7,0.04,0
1/10/2025 19:00,0.86,1.72,5.08,64.5,225.9,15.18,34.7,-2.5,1
1/10/2025 19:15,2.36,1.67,4.08,73.5,235.1,12.05,28.9,-0.05,0
1/10/2025 19:30,1.96,1.4,3.22,69.4,227.5,8.89,32.2,0.13,0
1/10/2025 19:45,3.37,1.82,4.31,80.6,226.5,12.42,33.4,0.88,0
1/10/2025 20:00,1.94,1.66,0.79,43.5,231.2,5,30.8,2.81,1
1/10/2025 20:15,2.87,1.41,2.56,74.8,227.1,8.03,32.8,1.72,1
1/10/2025 20:30,0.76,2.39,0.5,85.9,224.6,5,32.4,2.64,1
1/10/2025 20:45,1.17,1.89,4.25,65.8,228.2,14.71,26.6,-1.19,1
1/10/2025 21:00,3.08,1.22,2.19,100,227.2,7.5,39.3,2.1,1
1/10/2025 21:15,3.48,1.28,0.5,64.1,229,5,32.1,4.26,1
1/10/2025 21:30,2.97,1.72,2.15,79.9,226.4,6.15,31.9,2.54,1
1/10/2025 21:45,1.04,1.36,5.04,58.9,229,14.33,29.1,-2.64,1
1/10/2025 22:00,1.12,2.86,3.48,78.3,233.5,9.31,23.4,0.5,0
1/10/2025 22:15,2.38,1.72,3.19,73.9,231.2,10.88,32.8,0.91,0
1/10/2025 22:30,0.45,0,4.25,75.5,232.9,12.41,28.1,-3.8,1
1/10/2025 22:45,0.73,2.08,3.35,86,234.7,9.8,36.6,-0.54,0
1/10/2025 23:00,2.32,1.89,4.11,73.8,235.5,11.41,32,0.1,0
1/10/2025 23:15,2.05,0.98,4.61,85.2,228.9,14.63,28.2,-1.57,1
1/10/2025 23:30,1.61,0.96,4.78,80.4,227.6,12.46,26.4,-2.2,1
1/10/2025 23:45,1.58,0.89,1.82,74.3,226.8,5.36,31.6,0.66,0
1/11/2025 0:00,3.39,2.42,1.69,86.4,229.1,5.91,35.4,4.12,1
1/11/2025 0:15,2.9,1.89,3.9,75.5,236.1,11.03,32.6,0.89,0
1/11/2025 0:30,1.34,0.92,3.05,79.7,234,6.58,29.6,-0.79,0
1/11/2025 0:45,2.84,2.42,3.48,57.3,225.5,10.36,34.2,1.78,1
1/11/2025 1:00,3.23,1.08,2.33,75.8,229.5,6.93,36.4,1.98,1
1/11/2025 1:15,1.25,2.56,2.81,62,229.8,8.2,34.5,1.01,1
1/11/2025 1:30,2.05,0.96,3.07,94.6,225.4,8.91,33.4,-0.06,0
1/11/2025 1:45,1.7,2.61,3.84,100,233.6,11.68,31.9,0.47,0
1/11/2025 2:00,0.96,0.69,2.16,63.2,226.8,5.26,34.6,-0.52,0
1/11/2025 2:15,2.72,2.2,3.69,48.4,228,11.04,26.9,1.23,1
1/11/2025 2:30,1.62,2.86,3.79,86.1,227.2,10.43,26.7,0.69,0
1/11/2025 2:45,2.27,1.66,4.36,71.5,229.2,12.78,37.2,-0.43,0
1/11/2025 3:00,2.87,1.31,2.44,89.3,233.8,7.03,31.2,1.74,1
1/11/2025 3:15,0.39,1.76,3.66,91.2,234.3,11.46,32.2,-1.5,1
1/11/2025 3:30,3,1.65,3.53,80.9,230.8,10.05,28.8,1.12,1
1/11/2025 3:45,1.68,1.72,5.09,84.7,227,15.14,32.1,-1.7,1
1/11/2025 4:00,1.82,1.15,3.85,70.4,231.1,11.58,26.4,-0.87,0
1/11/2025 4:15,3.22,2.62,4.14,81.1,227.7,12.47,27.7,1.7,1
1/11/2025 4:30,2.55,1.63,2.4,53.6,229.8,6.48,36,1.78,1
1/11/2025 4:45,1.97,2.17,1.61,69.5,230.1,5.4,26.1,2.53,1
1/11/2025 5:00,2.91,1.35,2.42,72.8,229.9,7.47,29.2,1.83,1
1/11/2025 5:15,4.1,1.37,3.76,68.3,233.6,10.83,22,1.71,1
1/11/2025 5:30,2.59,0.86,3.8,71.4,230.8,10.28,34.3,-0.35,0
1/11/2025 5:45,2.31,2.51,2.77,68,229.4,9.01,36.5,2.05,1
1/11/2025 6:00,1.71,1.69,3.98,52.6,230,12.47,31.6,-0.58,0
1/11/2025 6:15,1.78,1.56,1.64,53.1,230.8,6.32,30.2,1.7,1
1/11/2025 6:30,1.92,0.94,5.08,73.9,226,13.85,34.5,-2.23,1
1/11/2025 6:45,1.98,1.97,3.78,59.3,233.8,10.6,39.4,0.17,0
1/11/2025 7:00,3.43,0.83,3.74,79.1,228.8,11.1,33.7,0.52,0
1/11/2025 7:15,0.77,1.34,2.01,63.8,233,6.67,35.5,0.1,0
1/11/2025 7:30,0.52,1.33,3.99,77.1,222.7,10.05,25.3,-2.13,1
1/11/2025 7:45,4.3,0.87,4.16,84.7,230,14.03,35.5,1.01,1
1/11/2025 8:00,1.65,1.01,3.49,75,229.2,9.69,33.6,-0.83,0
1/11/2025 8:15,1.8,1.26,4.53,82.6,236.3,13.76,34.1,-1.47,1
1/11/2025 8:30,2.97,2.2,3.86,70.9,230.2,10.59,31.7,1.32,1
1/11/2025 8:45,1.6,2.08,4.01,63.1,228.8,13.06,36.3,-0.33,0
1/11/2025 9:00,2.81,1.31,2.28,72.1,227.2,6.27,38.3,1.84,1
1/11/2025 9:15,1.7,1.46,2.52,87.7,236,7.49,32.5,0.64,0
1/11/2025 9:30,2,0.38,4.07,64.4,230.8,11.6,38,-1.7,1
1/11/2025 9:45,2.21,1.83,1.42,66.3,229.2,5,31.9,2.62,1
